Vitsy,11/20/2020 0:00, MEGAIMAGE 0016 HALATRAIAN  RO  BUCURESTI,8.28,Food&Beverages,Bucharest,44.44397,26.10947
Simra Hilton,5/27/2019 15:02, MEGAIMAGE 0016 HALATRAIAN  RO  BUCURESTI,8.28,Food&Beverages,Thessaloniki,40.64479,22.94621
Simra Hilton,5/28/2020 7:25, MEGAIMAGE 0016 HALATRAIAN  RO  BUCURESTI,8.28,Food&Beverages,Antwerp,51.22235,4.41118
Sierra Brewer,5/26/2020 7:19, MEGAIMAGE 0016 HALATRAIAN  RO  BUCURESTI,8.28,Food&Beverages,Hague,52.07664,4.30149
Farrah Carlson,3/08/2019 21:52, MEGAIMAGE 0016 HALATRAIAN  RO  BUCURESTI,8.28,Food&Beverages,Thassos,40.6878,24.65572
Esme-Rose Parker,6/08/2020 13:13, MEGAIMAGE 0016 HALATRAIAN  RO  BUCURESTI,8.28,Food&Beverages,Bruges,51.21276,3.2265
Farrah Carlson,11/27/2019 18:48, MEGAIMAGE 0016 HALATRAIAN  RO  BUCURESTI,8.28,Food&Beverages,Bucharest,44.4334,26.11122
Esme-Rose Parker,9/13/2019 1:44, MEGAIMAGE 0016 HALATRAIAN  RO  BUCURESTI,8.28,Food&Beverages,Bruges,51.21718,3.22895
Simra Hilton,9/17/2019 1:44, MEGAIMAGE 0016 HALATRAIAN  RO  BUCURESTI,8.28,Food&Beverages,Antwerp,51.22632,4.40895
Shelly Hartman,2/28/2020 4:46, MEGAIMAGE 0016 HALATRAIAN  RO  BUCURESTI,8.28,Food&Beverages,Hague,52.0706,4.30112
Johnny Burris,8/17/2019 18:20, MEGAIMAGE 0016 HALATRAIAN  RO  BUCURESTI,8.28,Food&Beverages,Rotterdam,51.92852,4.47775
Simra Hilton,8/28/2020 22:58, MEGAIMAGE 0016 HALATRAIAN  RO  BUCURESTI,8.28,Food&Beverages,Brussels,50.85444,4.35344
Kishan Christie,8/21/2020 18:08, MEGAIMAGE 0016 HALATRAIAN  RO  BUCURESTI,8.28,Food&Beverages,Bruges,51.21191,3.23043
Sahara Bains,3/19/2019 8:22, MEGAIMAGE 0016 HALATRAIAN  RO  BUCURESTI,8.28,Food&Beverages,Rotterdam,51.92871,4.48361
Shelly Hartman,2/04/2019 7:58, MEGAIMAGE 0016 HALATRAIAN  RO  BUCURESTI,8.28,Food&Beverages,Antwerp,51.22445,4.40915
Hunter Lott,12/05/2019 15:44, MEGAIMAGE 0016 HALATRAIAN  RO  BUCURESTI,8.28,Food&Beverages,Brussels,50.8515,4.35394
Simra Hilton,4/19/2020 18:11, MEGAIMAGE 0016 HALATRAIAN  RO  BUCURESTI,8.28,Food&Beverages,Hague,52.07826,4.30145
Simra Hilton,12/25/2019 16:31, MEGAIMAGE 0016 HALATRAIAN  RO  BUCURESTI,8.28,Food&Beverages,Rotterdam,51.92775,4.47796
Hunter Lott,6/15/2020 1:18, MEGAIMAGE 0016 HALATRAIAN  RO  BUCURESTI,8.28,Food&Beverages,Bruges,51.2148,3.22519
Sierra Brewer,9/27/2020 15:03, MEGAIMAGE 0016 HALATRAIAN  RO  BUCURESTI,8.28,Food&Beverages,Antwerp,51.22517,4.40839
Farrah Carlson,9/25/2019 11:09, MEGAIMAGE 0016 HALATRAIAN  RO  BUCURESTI,8.28,Food&Beverages,Hague,52.07508,4.30345
Vitsy,11/20/2020 0:00, MEGAIMAGE 0016 HALATRAIAN  RO  BUCURESTI,61.47,Food&Beverages,Bucharest,44.44075,26.11217
Hunter Lott,1/10/2019 19:12, MEGAIMAGE 0016 HALATRAIAN  RO  BUCURESTI,61.47,Food&Beverages,Rotterdam,51.93086,4.48624
Esme-Rose Parker,1/16/2020 16:23, MEGAIMAGE 0016 HALATRAIAN  RO  BUCURESTI,61.47,Food&Beverages,Bruges,51.21602,3.23024
Hunter Lott,10/04/2019 10:29, MEGAIMAGE 0016 HALATRAIAN  RO  BUCURESTI,61.47,Food&Beverages,Amsterdam,52.3678,4.90768
Sahara Bains,1/28/2020 20:32, MEGAIMAGE 0016 HALATRAIAN  RO  BUCURESTI,61.47,Food&Beverages,Sofia,42.69994,23.3279
Simra Hilton,1/01/2020 3:50, MEGAIMAGE 0016 HALATRAIAN  RO  BUCURESTI,61.47,Food&Beverages,Thessaloniki,40.64579,22.94882
Kishan Christie,12/30/2019 10:12, MEGAIMAGE 0016 HALATRAIAN  RO  BUCURESTI,61.47,Food&Beverages,Bruges,51.21508,3.22829
Sierra Brewer,5/02/2019 23:12, MEGAIMAGE 0016 HALATRAIAN  RO  BUCURESTI,61.47,Food&Beverages,Rotterdam,51.92489,4.47793
Wasim Giles,1/15/2019 15:01, MEGAIMAGE 0016 HALATRAIAN  RO  BUCURESTI,61.47,Food&Beverages,Rotterdam,51.93092,4.48316
Shelly Hartman,5/28/2020 17:48, MEGAIMAGE 0016 HALATRAIAN  RO  BUCURESTI,61.47,Food&Beverages,Hague,52.07267,4.30816
Shelly Hartman,3/11/2020 15:47, MEGAIMAGE 0016 HALATRAIAN  RO  BUCURESTI,61.47,Food&Beverages,Antwerp,51.22139,4.40554
Johnny Burris,5/30/2020 23:17, MEGAIMAGE 0016 HALATRAIAN  RO  BUCURESTI,61.47,Food&Beverages,Hague,52.07113,4.30508
Johnny Burris,6/22/2019 9:14, MEGAIMAGE 0016 HALATRAIAN  RO  BUCURESTI,61.47,Food&Beverages,Hague,52.0734,4.30937
Shelly Hartman,4/10/2020 17:50, MEGAIMAGE 0016 HALATRAIAN  RO  BUCURESTI,61.47,Food&Beverages,Bucharest,44.43226,26.10528
Hunter Lott,10/17/2019 0:58, MEGAIMAGE 0016 HALATRAIAN  RO  BUCURESTI,61.47,Food&Beverages,Brussels,50.85429,4.35174
Esme-Rose Parker,8/31/2019 21:42, MEGAIMAGE 0016 HALATRAIAN  RO  BUCURESTI,61.47,Food&Beverages,Thassos,40.6863,24.65158
Johnny Burris,12/02/2019 12:15, MEGAIMAGE 0016 HALATRAIAN  RO  BUCURESTI,61.47,Food&Beverages,Brussels,50.85726,4.35463
Kishan Christie,10/15/2019 3:07, MEGAIMAGE 0016 HALATRAIAN  RO  BUCURESTI,61.47,Food&Beverages,Hague,52.07334,4.30178
Shelly Hartman,8/10/2020 10:07, MEGAIMAGE 0016 HALATRAIAN  RO  BUCURESTI,61.47,Food&Beverages,Antwerp,51.22523,4.40917
Farrah Carlson,1/11/2019 11:13, MEGAIMAGE 0016 HALATRAIAN  RO  BUCURESTI,61.47,Food&Beverages,Antwerp,51.22266,4.40651
Sierra Brewer,10/02/2020 11:34, MEGAIMAGE 0016 HALATRAIAN  RO  BUCURESTI,61.47,Food&Beverages,Thessaloniki,40.64791,22.94719
Vitsy,11/19/2020 0:00, MEGAIMAGE 0016 HALATRAIAN  RO  BUCURESTI,14.5,Food&Beverages,Bucharest,44.43856,26.1083
Johnny Burris,9/08/2020 10:36, MEGAIMAGE 0016 HALATRAIAN  RO  BUCURESTI,14.5,Food&Beverages,Amsterdam,52.36881,4.90943
Kishan Christie,5/06/2020 3:39, MEGAIMAGE 0016 HALATRAIAN  RO  BUCURESTI,14.5,Food&Beverages,Sofia,42.70198,23.3268
Wasim Giles,12/13/2019 5:36, MEGAIMAGE 0016 HALATRAIAN  RO  BUCURESTI,14.5,Food&Beverages,Amsterdam,52.37087,4.91056
Sierra Brewer,5/14/2020 16:22, MEGAIMAGE 0016 HALATRAIAN  RO  BUCURESTI,14.5,Food&Beverages,Thessaloniki,40.64184,22.94709
Kishan Christie,2/23/2020 2:25, MEGAIMAGE 0016 HALATRAIAN  RO  BUCURESTI,14.5,Food&Beverages,Sofia,42.69799,23.32263
Farrah Carlson,12/30/2019 11:46, MEGAIMAGE 0016 HALATRAIAN  RO  BUCURESTI,14.5,Food&Beverages,Bucharest,44.42904,26.10282
Wasim Giles,6/22/2020 20:59, MEGAIMAGE 0016 HALATRAIAN  RO  BUCURESTI,14.5,Food&Beverages,Bruges,51.21784,3.22673
Johnny Burris,12/08/2019 3:16, MEGAIMAGE 0016 HALATRAIAN  RO  BUCURESTI,14.5,Food&Beverages,Amsterdam,52.37302,4.90555
Simra Hilton,3/06/2020 12:36, MEGAIMAGE 0016 HALATRAIAN  RO  BUCURESTI,14.5,Food&Beverages,Thessaloniki,40.6412,22.94719
Simra Hilton,6/17/2020 4:13, MEGAIMAGE 0016 HALATRAIAN  RO  BUCURESTI,14.5,Food&Beverages,Bruges,51.21561,3.22882
Hunter Lott,10/15/2020 15:08, MEGAIMAGE 0016 HALATRAIAN  RO  BUCURESTI,14.5,Food&Beverages,Amsterdam,52.36898,4.90877
Wasim Giles,2/24/2019 1:17, MEGAIMAGE 0016 HALATRAIAN  RO  BUCURESTI,14.5,Food&Beverages,Sofia,42.69813,23.3246
Shelly Hartman,3/20/2019 12:20, MEGAIMAGE 0016 HALATRAIAN  RO  BUCURESTI,14.5,Food&Beverages,Antwerp,51.22452,4.40371
Simra Hilton,4/15/2020 16:26, MEGAIMAGE 0016 HALATRAIAN  RO  BUCURESTI,14.5,Food&Beverages,Sofia,42.7064,23.32234
Farrah Carlson,6/22/2020 23:18, MEGAIMAGE 0016 HALATRAIAN  RO  BUCURESTI,14.5,Food&Beverages,Amsterdam,52.37341,4.90501
Wasim Giles,7/10/2020 20:30, MEGAIMAGE 0016 HALATRAIAN  RO  BUCURESTI,14.5,Food&Beverages,Antwerp,51.22103,4.40337
Hunter Lott,4/22/2020 7:45, MEGAIMAGE 0016 HALATRAIAN  RO  BUCURESTI,14.5,Food&Beverages,Brussels,50.85263,4.35184
Wasim Giles,4/21/2020 8:14, MEGAIMAGE 0016 HALATRAIAN  RO  BUCURESTI,14.5,Food&Beverages,Amsterdam,52.37003,4.90993
Hunter Lott,8/17/2019 9:57, MEGAIMAGE 0016 HALATRAIAN  RO  BUCURESTI,14.5,Food&Beverages,Brussels,50.85267,4.35997
Farrah Carlson,10/27/2020 5:57, MEGAIMAGE 0016 HALATRAIAN  RO  BUCURESTI,14.5,Food&Beverages,Bruges,51.21527,3.22731
Vitsy,11/18/2020 0:00, AMZN Mktp US*Q56AM92X3  US  Amzn.com/bill,614.94,Shopping,Bucharest,44.44359,26.10625
Simra Hilton,12/17/2019 20:50, AMZN Mktp US*Q56AM92X3  US  Amzn.com/bill,614.94,Shopping,Hague,52.07381,4.3073
Wasim Giles,12/15/2019 6:08, AMZN Mktp US*Q56AM92X3  US  Amzn.com/bill,614.94,Shopping,Hague,52.07614,4.30634
Johnny Burris,5/31/2019 16:48, AMZN Mktp US*Q56AM92X3  US  Amzn.com/bill,614.94,Shopping,Amsterdam,52.3733,4.90999
Wasim Giles,11/01/2020 11:42, AMZN Mktp US*Q56AM92X3  US  Amzn.com/bill,614.94,Shopping,Thessaloniki,40.64452,22.94682
Wasim Giles,12/12/2019 19:16, AMZN Mktp US*Q56AM92X3  US  Amzn.com/bill,614.94,Shopping,Antwerp,51.22464,4.40612
Wasim Giles,9/23/2020 4:44, AMZN Mktp US*Q56AM92X3  US  Amzn.com/bill,614.94,Shopping,Hague,52.0719,4.30618
Johnny Burris,7/18/2020 6:07, AMZN Mktp US*Q56AM92X3  US  Amzn.com/bill,614.94,Shopping,Amsterdam,52.37361,4.90491
Wasim Giles,4/22/2020 22:30, AMZN Mktp US*Q56AM92X3  US  Amzn.com/bill,614.94,Shopping,Bucharest,44.42946,26.10534
Johnny Burris,6/07/2020 16:56, AMZN Mktp US*Q56AM92X3  US  Amzn.com/bill,614.94,Shopping,Bucharest,44.43289,26.10328
Sahara Bains,10/14/2020 3:50, AMZN Mktp US*Q56AM92X3  US  Amzn.com/bill,614.94,Shopping,Amsterdam,52.37263,4.9095
Sierra Brewer,3/13/2020 4:00, AMZN Mktp US*Q56AM92X3  US  Amzn.com/bill,614.94,Shopping,Brussels,50.85082,4.35377
Farrah Carlson,3/22/2020 15:44, AMZN Mktp US*Q56AM92X3  US  Amzn.com/bill,614.94,Shopping,Amsterdam,52.37567,4.91316
Sahara Bains,10/21/2020 10:03, AMZN Mktp US*Q56AM92X3  US  Amzn.com/bill,614.94,Shopping,Amsterdam,52.3724,4.91142
Sierra Brewer,2/19/2019 19:59, AMZN Mktp US*Q56AM92X3  US  Amzn.com/bill,614.94,Shopping,Hague,52.07083,4.30398
Simra Hilton,7/08/2019 21:19, AMZN Mktp US*Q56AM92X3  US  Amzn.com/bill,614.94,Shopping,Rotterdam,51.92654,4.48039
Esme-Rose Parker,7/09/2019 4:26, AMZN Mktp US*Q56AM92X3  US  Amzn.com/bill,614.94,Shopping,Sofia,42.70036,23.33102
Kishan Christie,4/11/2019 3:20, AMZN Mktp US*Q56AM92X3  US  Amzn.com/bill,614.94,Shopping,Bruges,51.21077,3.22576
Farrah Carlson,1/02/2020 20:32, AMZN Mktp US*Q56AM92X3  US  Amzn.com/bill,614.94,Shopping,Bruges,51.21275,3.22572
Hunter Lott,2/11/2020 9:45, AMZN Mktp US*Q56AM92X3  US  Amzn.com/bill,614.94,Shopping,Amsterdam,52.37038,4.90572
Esme-Rose Parker,1/15/2020 1:48, AMZN Mktp US*Q56AM92X3  US  Amzn.com/bill,614.94,Shopping,Bruges,51.21233,3.22719
Vitsy,11/18/2020 0:00, MEGAIMAGE 0016 HALATRAIAN  RO  BUCURESTI,25.28,Food&Beverages,Bucharest,44.43983,26.10647
Farrah Carlson,4/15/2020 18:32, MEGAIMAGE 0016 HALATRAIAN  RO  BUCURESTI,25.28,Food&Beverages,Bruges,51.21011,3.22588
Wasim Giles,11/26/2019 23:31, MEGAIMAGE 0016 HALATRAIAN  RO  BUCURESTI,25.28,Food&Beverages,Antwerp,51.22014,4.40772
Simra Hilton,4/08/2020 0:55, MEGAIMAGE 0016 HALATRAIAN  RO  BUCURESTI,25.28,Food&Beverages,Sofia,42.6977,23.32497
Kishan Christie,6/09/2019 12:51, MEGAIMAGE 0016 HALATRAIAN  RO  BUCURESTI,25.28,Food&Beverages,Bruges,51.21208,3.22672
Johnny Burris,7/23/2019 2:29, MEGAIMAGE 0016 HALATRAIAN  RO  BUCURESTI,25.28,Food&Beverages,Antwerp,51.2267,4.4034
Kishan Christie,8/31/2020 18:20, MEGAIMAGE 0016 HALATRAIAN  RO  BUCURESTI,25.28,Food&Beverages,Bruges,51.21458,3.23311
Farrah Carlson,10/03/2019 1:43, MEGAIMAGE 0016 HALATRAIAN  RO  BUCURESTI,25.28,Food&Beverages,Brussels,50.85728,4.35438
Johnny Burris,4/13/2020 1:51, MEGAIMAGE 0016 HALATRAIAN  RO  BUCURESTI,25.28,Food&Beverages,Bruges,51.21148,3.23081
Johnny Burris,11/26/2019 3:01, MEGAIMAGE 0016 HALATRAIAN  RO  BUCURESTI,25.28,Food&Beverages,Bucharest,44.42747,26.10524
Kishan Christie,7/12/2020 21:51, MEGAIMAGE 0016 HALATRAIAN  RO  BUCURESTI,25.28,Food&Beverages,Thassos,40.69086,24.65127
Farrah Carlson,5/30/2020 4:38, MEGAIMAGE 0016 HALATRAIAN  RO  BUCURESTI,25.28,Food&Beverages,Antwerp,51.2274,4.40859
Shelly Hartman,2/09/2019 3:24, MEGAIMAGE 0016 HALATRAIAN  RO  BUCURESTI,25.28,Food&Beverages,Thessaloniki,40.64425,22.9471
Sierra Brewer,7/16/2019 12:38, MEGAIMAGE 0016 HALATRAIAN  RO  BUCURESTI,25.28,Food&Beverages,Bruges,51.21477,3.22642
Kishan Christie,4/24/2020 4:42, MEGAIMAGE 0016 HALATRAIAN  RO  BUCURESTI,25.28,Food&Beverages,Antwerp,51.22016,4.40838
Farrah Carlson,5/22/2020 13:19, MEGAIMAGE 0016 HALATRAIAN  RO  BUCURESTI,25.28,Food&Beverages,Brussels,50.85648,4.35758
Hunter Lott,11/04/2019 8:09, MEGAIMAGE 0016 HALATRAIAN  RO  BUCURESTI,25.28,Food&Beverages,Bruges,51.21416,3.22476
Sahara Bains,9/28/2020 19:12, MEGAIMAGE 0016 HALATRAIAN  RO  BUCURESTI,25.28,Food&Beverages,Thessaloniki,40.6413,22.94569
Sahara Bains,6/13/2020 7:35, MEGAIMAGE 0016 HALATRAIAN  RO  BUCURESTI,25.28,Food&Beverages,Brussels,50.85759,4.35298
Simra Hilton,11/13/2020 6:35, MEGAIMAGE 0016 HALATRAIAN  RO  BUCURESTI,25.28,Food&Beverages,Sofia,42.70453,23.32532
Johnny Burris,11/02/2020 5:53, MEGAIMAGE 0016 HALATRAIAN  RO  BUCURESTI,25.28,Food&Beverages,Bucharest,44.43083,26.10585
Vitsy,11/17/2020 0:00, MEGAIMAGE 0016 HALATRAIAN  RO  BUCURESTI,16.92,Food&Beverages,Bucharest,44.44153,26.10454
Sierra Brewer,9/24/2020 21:13, MEGAIMAGE 0016 HALATRAIAN  RO  BUCURESTI,16.92,Food&Beverages,Brussels,50.85595,4.3569
Esme-Rose Parker,7/03/2019 23:00, MEGAIMAGE 0016 HALATRAIAN  RO  BUCURESTI,16.92,Food&Beverages,Hague,52.0755,4.30364
Hunter Lott,9/17/2019 5:39, MEGAIMAGE 0016 HALATRAIAN  RO  BUCURESTI,16.92,Food&Beverages,Bucharest,44.42895,26.10469
Hunter Lott,8/14/2020 11:37, MEGAIMAGE 0016 HALATRAIAN  RO  BUCURESTI,16.92,Food&Beverages,Brussels,50.85958,4.35211
Kishan Christie,1/05/2020 4:02, MEGAIMAGE 0016 HALATRAIAN  RO  BUCURESTI,16.92,Food&Beverages,Hague,52.07317,4.30927
Sierra Brewer,6/22/2020 11:50, MEGAIMAGE 0016 HALATRAIAN  RO  BUCURESTI,16.92,Food&Beverages,Bruges,51.21181,3.22912
Sierra Brewer,8/17/2020 9:58, MEGAIMAGE 0016 HALATRAIAN  RO  BUCURESTI,16.92,Food&Beverages,Hague,52.07143,4.30692
Farrah Carlson,5/14/2019 2:15, MEGAIMAGE 0016 HALATRAIAN  RO  BUCURESTI,16.92,Food&Beverages,Rotterdam,51.92996,4.47916
Wasim Giles,1/21/2020 11:15, MEGAIMAGE 0016 HALATRAIAN  RO  BUCURESTI,16.92,Food&Beverages,Sofia,42.70286,23.32434
Esme-Rose Parker,11/06/2019 8:30, MEGAIMAGE 0016 HALATRAIAN  RO  BUCURESTI,16.92,Food&Beverages,Thessaloniki,40.64584,22.94445
Wasim Giles,7/24/2020 23:45, MEGAIMAGE 0016 HALATRAIAN  RO  BUCURESTI,16.92,Food&Beverages,Hague,52.0731,4.30944
Sierra Brewer,1/27/2020 7:40, MEGAIMAGE 0016 HALATRAIAN  RO  BUCURESTI,16.92,Food&Beverages,Sofia,42.7016,23.32358
Sierra Brewer,5/17/2019 19:41, MEGAIMAGE 0016 HALATRAIAN  RO  BUCURESTI,16.92,Food&Beverages,Thessaloniki,40.64176,22.94928
Shelly Hartman,7/14/2019 11:50, MEGAIMAGE 0016 HALATRAIAN  RO  BUCURESTI,16.92,Food&Beverages,Amsterdam,52.37049,4.90911
Johnny Burris,1/08/2019 8:38, MEGAIMAGE 0016 HALATRAIAN  RO  BUCURESTI,16.92,Food&Beverages,Brussels,50.85252,4.35536
Sahara Bains,3/09/2020 13:12, MEGAIMAGE 0016 HALATRAIAN  RO  BUCURESTI,16.92,Food&Beverages,Hague,52.07852,4.30738
Johnny Burris,7/12/2019 12:55, MEGAIMAGE 0016 HALATRAIAN  RO  BUCURESTI,16.92,Food&Beverages,Bruges,51.21382,3.22709
Esme-Rose Parker,3/25/2019 22:28, MEGAIMAGE 0016 HALATRAIAN  RO  BUCURESTI,16.92,Food&Beverages,Bucharest,44.43206,26.10275
Shelly Hartman,2/03/2019 23:14, MEGAIMAGE 0016 HALATRAIAN  RO  BUCURESTI,16.92,Food&Beverages,Thassos,40.68506,24.65307
Wasim Giles,5/23/2019 18:50, MEGAIMAGE 0016 HALATRAIAN  RO  BUCURESTI,16.92,Food&Beverages,Brussels,50.85639,4.35546
Vitsy,11/16/2020 0:00, BOLT.EU /O/2011141751  EE  Tallinn,12,Others,Tallinn,59.43722,24.75788
Simra Hilton,5/31/2020 15:12, BOLT.EU /O/2011141751  EE  Tallinn,12,Others,Bucharest,44.4309,26.11037
Sierra Brewer,3/29/2020 5:59, BOLT.EU /O/2011141751  EE  Tallinn,12,Others,Thessaloniki,40.64519,22.9529
Shelly Hartman,11/19/2020 5:51, BOLT.EU /O/2011141751  EE  Tallinn,12,Others,Antwerp,51.22099,4.41024
Johnny Burris,9/21/2019 22:28, BOLT.EU /O/2011141751  EE  Tallinn,12,Others,Brussels,50.85119,4.35293
Hunter Lott,6/08/2019 12:45, BOLT.EU /O/2011141751  EE  Tallinn,12,Others,Amsterdam,52.36914,4.91046
Shelly Hartman,6/02/2019 0:59, BOLT.EU /O/2011141751  EE  Tallinn,12,Others,Sofia,42.7037,23.32544
Sierra Brewer,6/22/2019 0:53, BOLT.EU /O/2011141751  EE  Tallinn,12,Others,Bruges,51.21357,3.23395
Hunter Lott,3/15/2020 6:50, BOLT.EU /O/2011141751  EE  Tallinn,12,Others,Thessaloniki,40.64486,22.95173
Farrah Carlson,11/08/2019 6:26, BOLT.EU /O/2011141751  EE  Tallinn,12,Others,Amsterdam,52.37441,4.90778
Kishan Christie,9/26/2020 4:43, BOLT.EU /O/2011141751  EE  Tallinn,12,Others,Hague,52.07394,4.3026
Hunter Lott,7/31/2019 22:28, BOLT.EU /O/2011141751  EE  Tallinn,12,Others,Thessaloniki,40.64112,22.95042
Sierra Brewer,8/01/2019 5:23, BOLT.EU /O/2011141751  EE  Tallinn,12,Others,Brussels,50.85134,4.35961
Shelly Hartman,12/22/2019 8:10, BOLT.EU /O/2011141751  EE  Tallinn,12,Others,Rotterdam,51.93018,4.47826
Wasim Giles,1/16/2020 5:14, BOLT.EU /O/2011141751  EE  Tallinn,12,Others,Amsterdam,52.37161,4.90818
Johnny Burris,9/15/2019 21:32, BOLT.EU /O/2011141751  EE  Tallinn,12,Others,Bucharest,44.4302,26.10765
Simra Hilton,10/15/2019 5:09, BOLT.EU /O/2011141751  EE  Tallinn,12,Others,Bucharest,44.43107,26.10287
Johnny Burris,9/24/2019 23:25, BOLT.EU /O/2011141751  EE  Tallinn,12,Others,Antwerp,51.22272,4.40905
Farrah Carlson,8/02/2020 21:47, BOLT.EU /O/2011141751  EE  Tallinn,12,Others,Thassos,40.68952,24.65724
Hunter Lott,9/08/2020 2:03, BOLT.EU /O/2011141751  EE  Tallinn,12,Others,Sofia,42.70137,23.32361
Esme-Rose Parker,9/23/2019 14:19, BOLT.EU /O/2011141751  EE  Tallinn,12,Others,Hague,52.07651,4.30555
Vitsy,11/15/2020 0:00, Glovo GLOVO BUZYCL5FH  RO  BUCURESTI,29.98,Food&Beverages,Bucharest,44.43469,26.10323
Johnny Burris,3/03/2020 16:51, Glovo GLOVO BUZYCL5FH  RO  BUCURESTI,29.98,Food&Beverages,Amsterdam,52.37372,4.90624
Wasim Giles,5/15/2019 10:19, Glovo GLOVO BUZYCL5FH  RO  BUCURESTI,29.98,Food&Beverages,Bruges,51.21504,3.2285
Farrah Carlson,5/30/2019 21:32, Glovo GLOVO BUZYCL5FH  RO  BUCURESTI,29.98,Food&Beverages,Antwerp,51.226,4.40303
Hunter Lott,8/15/2019 12:33, Glovo GLOVO BUZYCL5FH  RO  BUCURESTI,29.98,Food&Beverages,Sofia,42.70584,23.32433
Sierra Brewer,4/12/2020 5:34, Glovo GLOVO BUZYCL5FH  RO  BUCURESTI,29.98,Food&Beverages,Bucharest,44.43082,26.10828
Sierra Brewer,6/27/2020 18:04, Glovo GLOVO BUZYCL5FH  RO  BUCURESTI,29.98,Food&Beverages,Rotterdam,51.93213,4.48153
Sierra Brewer,12/24/2019 18:11, Glovo GLOVO BUZYCL5FH  RO  BUCURESTI,29.98,Food&Beverages,Antwerp,51.21968,4.40712
Esme-Rose Parker,11/04/2020 15:38, Glovo GLOVO BUZYCL5FH  RO  BUCURESTI,29.98,Food&Beverages,Amsterdam,52.37365,4.90783
Hunter Lott,6/08/2019 19:50, Glovo GLOVO BUZYCL5FH  RO  BUCURESTI,29.98,Food&Beverages,Thessaloniki,40.64111,22.94965
Farrah Carlson,8/16/2019 20:46, Glovo GLOVO BUZYCL5FH  RO  BUCURESTI,29.98,Food&Beverages,Sofia,42.69887,23.3276
Wasim Giles,7/24/2019 20:22, Glovo GLOVO BUZYCL5FH  RO  BUCURESTI,29.98,Food&Beverages,Antwerp,51.22824,4.40379
Hunter Lott,7/16/2020 11:09, Glovo GLOVO BUZYCL5FH  RO  BUCURESTI,29.98,Food&Beverages,Bucharest,44.43176,26.10585
Farrah Carlson,1/27/2020 23:53, Glovo GLOVO BUZYCL5FH  RO  BUCURESTI,29.98,Food&Beverages,Bucharest,44.42843,26.10528
Kishan Christie,9/10/2019 15:58, Glovo GLOVO BUZYCL5FH  RO  BUCURESTI,29.98,Food&Beverages,Sofia,42.70324,23.32718
Sierra Brewer,8/26/2020 18:25, Glovo GLOVO BUZYCL5FH  RO  BUCURESTI,29.98,Food&Beverages,Rotterdam,51.9288,4.4813
Wasim Giles,1/02/2020 14:33, Glovo GLOVO BUZYCL5FH  RO  BUCURESTI,29.98,Food&Beverages,Thessaloniki,40.64635,22.94922
Esme-Rose Parker,10/31/2019 4:21, Glovo GLOVO BUZYCL5FH  RO  BUCURESTI,29.98,Food&Beverages,Bruges,51.21026,3.22555
Farrah Carlson,10/02/2019 19:12, Glovo GLOVO BUZYCL5FH  RO  BUCURESTI,29.98,Food&Beverages,Hague,52.07095,4.30788
Esme-Rose Parker,6/25/2019 0:41, Glovo GLOVO BUZYCL5FH  RO  BUCURESTI,29.98,Food&Beverages,Thassos,40.68802,24.65238
Farrah Carlson,3/04/2019 1:55, Glovo GLOVO BUZYCL5FH  RO  BUCURESTI,29.98,Food&Beverages,Antwerp,51.2223,4.40663
Vitsy,11/15/2020 0:00, MEGAIMAGE 0016 HALATRAIAN  RO  BUCURESTI,27.48,Food&Beverages,Bucharest,44.44208,26.10701
Hunter Lott,8/05/2020 12:06, MEGAIMAGE 0016 HALATRAIAN  RO  BUCURESTI,27.48,Food&Beverages,Thassos,40.69189,24.65636
Johnny Burris,12/16/2019 15:09, MEGAIMAGE 0016 HALATRAIAN  RO  BUCURESTI,27.48,Food&Beverages,Sofia,42.6998,23.32407
Farrah Carlson,2/15/2020 3:49, MEGAIMAGE 0016 HALATRAIAN  RO  BUCURESTI,27.48,Food&Beverages,Antwerp,51.21992,4.41037
Sahara Bains,6/18/2019 15:04, MEGAIMAGE 0016 HALATRAIAN  RO  BUCURESTI,27.48,Food&Beverages,Hague,52.07639,4.30265
Simra Hilton,10/13/2019 12:16, MEGAIMAGE 0016 HALATRAIAN  RO  BUCURESTI,27.48,Food&Beverages,Bucharest,44.42736,26.10532
Shelly Hartman,8/19/2020 22:21, MEGAIMAGE 0016 HALATRAIAN  RO  BUCURESTI,27.48,Food&Beverages,Amsterdam,52.37305,4.91015
Sierra Brewer,11/24/2019 7:39, MEGAIMAGE 0016 HALATRAIAN  RO  BUCURESTI,27.48,Food&Beverages,Bucharest,44.42681,26.10694
Sierra Brewer,11/02/2020 2:23, MEGAIMAGE 0016 HALATRAIAN  RO  BUCURESTI,27.48,Food&Beverages,Sofia,42.69961,23.32386
Sierra Brewer,8/09/2020 8:41, MEGAIMAGE 0016 HALATRAIAN  RO  BUCURESTI,27.48,Food&Beverages,Antwerp,51.22565,4.40548
Sahara Bains,12/22/2019 10:11, MEGAIMAGE 0016 HALATRAIAN  RO  BUCURESTI,27.48,Food&Beverages,Thassos,40.68784,24.65017
Shelly Hartman,11/02/2019 22:34, MEGAIMAGE 0016 HALATRAIAN  RO  BUCURESTI,27.48,Food&Beverages,Brussels,50.85664,4.35902
Shelly Hartman,8/21/2020 4:33, MEGAIMAGE 0016 HALATRAIAN  RO  BUCURESTI,27.48,Food&Beverages,Brussels,50.85583,4.35332
Sierra Brewer,6/20/2019 1:17, MEGAIMAGE 0016 HALATRAIAN  RO  BUCURESTI,27.48,Food&Beverages,Antwerp,51.22818,4.40709
Sahara Bains,8/10/2020 23:51, MEGAIMAGE 0016 HALATRAIAN  RO  BUCURESTI,27.48,Food&Beverages,Sofia,42.70245,23.32544
Wasim Giles,1/22/2019 21:05, MEGAIMAGE 0016 HALATRAIAN  RO  BUCURESTI,27.48,Food&Beverages,Bruges,51.21575,3.23067
Hunter Lott,2/19/2019 13:01, MEGAIMAGE 0016 HALATRAIAN  RO  BUCURESTI,27.48,Food&Beverages,Antwerp,51.22196,4.40395
Sierra Brewer,4/26/2020 12:29, MEGAIMAGE 0016 HALATRAIAN  RO  BUCURESTI,27.48,Food&Beverages,Bucharest,44.42685,26.1101
Esme-Rose Parker,12/09/2019 21:29, MEGAIMAGE 0016 HALATRAIAN  RO  BUCURESTI,27.48,Food&Beverages,Antwerp,51.22213,4.40856
Farrah Carlson,3/22/2020 2:22, MEGAIMAGE 0016 HALATRAIAN  RO  BUCURESTI,27.48,Food&Beverages,Hague,52.07668,4.3018
Sahara Bains,1/13/2020 19:03, MEGAIMAGE 0016 HALATRAIAN  RO  BUCURESTI,27.48,Food&Beverages,Thassos,40.68614,24.65317
Vitsy,11/15/2020 0:00, Audible*2815J2RX2  US  Amzn.com/bill,79,Entertainment,Bucharest,44.4392,26.11237
Sierra Brewer,12/07/2019 8:52, Audible*2815J2RX2  US  Amzn.com/bill,79,Entertainment,Thessaloniki,40.64036,22.94616
Shelly Hartman,12/15/2019 19:55, Audible*2815J2RX2  US  Amzn.com/bill,79,Entertainment,Thassos,40.68538,24.6535
Shelly Hartman,9/05/2020 10:52, Audible*2815J2RX2  US  Amzn.com/bill,79,Entertainment,Thassos,40.68733,24.64921
Shelly Hartman,5/20/2019 7:57, Audible*2815J2RX2  US  Amzn.com/bill,79,Entertainment,Bruges,51.21322,3.22778
Sahara Bains,7/26/2019 23:33, Audible*2815J2RX2  US  Amzn.com/bill,79,Entertainment,Bruges,51.21234,3.23076
Johnny Burris,3/28/2019 20:10, Audible*2815J2RX2  US  Amzn.com/bill,79,Entertainment,Hague,52.07136,4.30176
Farrah Carlson,10/13/2019 16:06, Audible*2815J2RX2  US  Amzn.com/bill,79,Entertainment,Thessaloniki,40.64814,22.94554
Farrah Carlson,4/26/2020 11:50, Audible*2815J2RX2  US  Amzn.com/bill,79,Entertainment,Hague,52.07598,4.304
Simra Hilton,11/18/2019 9:39, Audible*2815J2RX2  US  Amzn.com/bill,79,Entertainment,Antwerp,51.2222,4.40267
Sahara Bains,4/02/2020 1:22, Audible*2815J2RX2  US  Amzn.com/bill,79,Entertainment,Bucharest,44.42919,26.11089
Sierra Brewer,6/15/2020 6:48, Audible*2815J2RX2  US  Amzn.com/bill,79,Entertainment,Rotterdam,51.92583,4.48417
Hunter Lott,8/09/2020 1:53, Audible*2815J2RX2  US  Amzn.com/bill,79,Entertainment,Thassos,40.69123,24.64988
Kishan Christie,8/16/2019 22:47, Audible*2815J2RX2  US  Amzn.com/bill,79,Entertainment,Bucharest,44.43327,26.10335
Kishan Christie,2/26/2019 0:53, Audible*2815J2RX2  US  Amzn.com/bill,79,Entertainment,Sofia,42.70067,23.32504
Hunter Lott,10/19/2020 7:08, Audible*2815J2RX2  US  Amzn.com/bill,79,Entertainment,Rotterdam,51.92586,4.47997
Esme-Rose Parker,9/28/2019 20:45, Audible*2815J2RX2  US  Amzn.com/bill,79,Entertainment,Thessaloniki,40.64419,22.9493
Farrah Carlson,5/09/2019 7:56, Audible*2815J2RX2  US  Amzn.com/bill,79,Entertainment,Rotterdam,51.92808,4.48345
Shelly Hartman,9/02/2020 3:51, Audible*2815J2RX2  US  Amzn.com/bill,79,Entertainment,Hague,52.07587,4.30497
Farrah Carlson,5/10/2019 6:26, Audible*2815J2RX2  US  Amzn.com/bill,79,Entertainment,Bucharest,44.42866,26.10999
Shelly Hartman,5/22/2019 15:10, Audible*2815J2RX2  US  Amzn.com/bill,79,Entertainment,Brussels,50.85504,4.35449
Vitsy,11/14/2020 0:00, Glovo GLOVO BUWUD12NR  RO  BUCURESTI,50.95,Food&Beverages,Bucharest,44.44345,26.10836
Sierra Brewer,7/16/2019 18:45, Glovo GLOVO BUWUD12NR  RO  BUCURESTI,50.95,Food&Beverages,Bucharest,44.42703,26.10588
Shelly Hartman,4/10/2020 9:23, Glovo GLOVO BUWUD12NR  RO  BUCURESTI,50.95,Food&Beverages,Thassos,40.68823,24.65031
Shelly Hartman,5/07/2019 1:05, Glovo GLOVO BUWUD12NR  RO  BUCURESTI,50.95,Food&Beverages,Sofia,42.70343,23.32538
Hunter Lott,6/08/2019 6:33, Glovo GLOVO BUWUD12NR  RO  BUCURESTI,50.95,Food&Beverages,Antwerp,51.22582,4.40369
Sahara Bains,8/07/2020 14:30, Glovo GLOVO BUWUD12NR  RO  BUCURESTI,50.95,Food&Beverages,Thassos,40.68803,24.64888
Simra Hilton,7/30/2020 10:47, Glovo GLOVO BUWUD12NR  RO  BUCURESTI,50.95,Food&Beverages,Bruges,51.21041,3.22662
Shelly Hartman,12/02/2019 14:43, Glovo GLOVO BUWUD12NR  RO  BUCURESTI,50.95,Food&Beverages,Amsterdam,52.36907,4.90834
Farrah Carlson,11/21/2020 23:10, Glovo GLOVO BUWUD12NR  RO  BUCURESTI,50.95,Food&Beverages,Brussels,50.85597,4.35993
Hunter Lott,3/11/2020 19:31, Glovo GLOVO BUWUD12NR  RO  BUCURESTI,50.95,Food&Beverages,Thessaloniki,40.64553,22.95315
Esme-Rose Parker,3/23/2019 1:57, Glovo GLOVO BUWUD12NR  RO  BUCURESTI,50.95,Food&Beverages,Hague,52.0716,4.30566
Farrah Carlson,11/01/2020 6:32, Glovo GLOVO BUWUD12NR  RO  BUCURESTI,50.95,Food&Beverages,Amsterdam,52.37574,4.90634
Simra Hilton,3/03/2019 16:49, Glovo GLOVO BUWUD12NR  RO  BUCURESTI,50.95,Food&Beverages,Antwerp,51.2198,4.41078
Wasim Giles,11/26/2019 9:58, Glovo GLOVO BUWUD12NR  RO  BUCURESTI,50.95,Food&Beverages,Thassos,40.68511,24.65467
Wasim Giles,5/04/2019 21:52, Glovo GLOVO BUWUD12NR  RO  BUCURESTI,50.95,Food&Beverages,Thassos,40.68534,24.65352
Wasim Giles,2/08/2020 0:13, Glovo GLOVO BUWUD12NR  RO  BUCURESTI,50.95,Food&Beverages,Antwerp,51.22463,4.4049
Wasim Giles,2/27/2019 17:39, Glovo GLOVO BUWUD12NR  RO  BUCURESTI,50.95,Food&Beverages,Bucharest,44.42796,26.10362
Shelly Hartman,7/11/2019 18:36, Glovo GLOVO BUWUD12NR  RO  BUCURESTI,50.95,Food&Beverages,Amsterdam,52.37365,4.906
Sahara Bains,6/20/2019 19:03, Glovo GLOVO BUWUD12NR  RO  BUCURESTI,50.95,Food&Beverages,Brussels,50.85455,4.35788
Esme-Rose Parker,5/09/2020 5:22, Glovo GLOVO BUWUD12NR  RO  BUCURESTI,50.95,Food&Beverages,Sofia,42.70637,23.32489
Hunter Lott,8/29/2020 5:33, Glovo GLOVO BUWUD12NR  RO  BUCURESTI,50.95,Food&Beverages,Antwerp,51.22507,4.40732
Vitsy,11/13/2020 0:00, Glovo GLOVO BU1CS8E61  RO  BUCURESTI,44.48,Food&Beverages,Bucharest,44.44315,26.11062
Johnny Burris,11/02/2019 19:57, Glovo GLOVO BU1CS8E61  RO  BUCURESTI,44.48,Food&Beverages,Thassos,40.68997,24.64845
Kishan Christie,11/26/2019 23:27, Glovo GLOVO BU1CS8E61  RO  BUCURESTI,44.48,Food&Beverages,Amsterdam,52.37522,4.90969
Sierra Brewer,4/29/2020 19:44, Glovo GLOVO BU1CS8E61  RO  BUCURESTI,44.48,Food&Beverages,Hague,52.07677,4.30754
Sahara Bains,3/24/2019 19:15, Glovo GLOVO BU1CS8E61  RO  BUCURESTI,44.48,Food&Beverages,Sofia,42.69873,23.32541
Hunter Lott,4/28/2019 14:25, Glovo GLOVO BU1CS8E61  RO  BUCURESTI,44.48,Food&Beverages,Sofia,42.70232,23.32411
Wasim Giles,1/25/2019 9:33, Glovo GLOVO BU1CS8E61  RO  BUCURESTI,44.48,Food&Beverages,Amsterdam,52.37224,4.90781
Shelly Hartman,6/23/2020 14:07, Glovo GLOVO BU1CS8E61  RO  BUCURESTI,44.48,Food&Beverages,Rotterdam,51.92602,4.48204
Wasim Giles,3/08/2019 2:12, Glovo GLOVO BU1CS8E61  RO  BUCURESTI,44.48,Food&Beverages,Antwerp,51.2235,4.40694
Sahara Bains,7/26/2020 6:48, Glovo GLOVO BU1CS8E61  RO  BUCURESTI,44.48,Food&Beverages,Amsterdam,52.3723,4.9054
Johnny Burris,5/26/2020 9:42, Glovo GLOVO BU1CS8E61  RO  BUCURESTI,44.48,Food&Beverages,Thessaloniki,40.64382,22.94836
Simra Hilton,6/12/2020 14:48, Glovo GLOVO BU1CS8E61  RO  BUCURESTI,44.48,Food&Beverages,Hague,52.07379,4.30483
Sahara Bains,6/18/2020 22:45, Glovo GLOVO BU1CS8E61  RO  BUCURESTI,44.48,Food&Beverages,Hague,52.07558,4.30465
Sahara Bains,10/26/2020 7:44, Glovo GLOVO BU1CS8E61  RO  BUCURESTI,44.48,Food&Beverages,Thassos,40.6864,24.65398
Wasim Giles,7/21/2019 19:51, Glovo GLOVO BU1CS8E61  RO  BUCURESTI,44.48,Food&Beverages,Thessaloniki,40.64441,22.94813
Kishan Christie,8/19/2020 21:21, Glovo GLOVO BU1CS8E61  RO  BUCURESTI,44.48,Food&Beverages,Hague,52.07594,4.30438
Farrah Carlson,4/01/2019 5:04, Glovo GLOVO BU1CS8E61  RO  BUCURESTI,44.48,Food&Beverages,Thessaloniki,40.64174,22.94514
Esme-Rose Parker,1/01/2019 18:34, Glovo GLOVO BU1CS8E61  RO  BUCURESTI,44.48,Food&Beverages,Thessaloniki,40.6436,22.94812
Shelly Hartman,4/05/2020 23:01, Glovo GLOVO BU1CS8E61  RO  BUCURESTI,44.48,Food&Beverages,Sofia,42.70132,23.32885
Shelly Hartman,1/17/2020 20:35, Glovo GLOVO BU1CS8E61  RO  BUCURESTI,44.48,Food&Beverages,Thessaloniki,40.64455,22.95125
Esme-Rose Parker,11/04/2019 13:16, Glovo GLOVO BU1CS8E61  RO  BUCURESTI,44.48,Food&Beverages,Sofia,42.70023,23.32344
Vitsy,11/12/2020 0:00, METROREX U POLITEHNI  RO  BUCURESTI,2.5,Others,Bucharest,44.44276,26.11241
Esme-Rose Parker,2/14/2020 11:14, METROREX U POLITEHNI  RO  BUCURESTI,2.5,Others,Bucharest,44.432,26.10304
Esme-Rose Parker,10/10/2019 12:02, METROREX U POLITEHNI  RO  BUCURESTI,2.5,Others,Amsterdam,52.37331,4.90479
Hunter Lott,10/04/2020 9:58, METROREX U POLITEHNI  RO  BUCURESTI,2.5,Others,Thessaloniki,40.65009,22.95259
Johnny Burris,3/15/2019 4:38, METROREX U POLITEHNI  RO  BUCURESTI,2.5,Others,Bucharest,44.4307,26.10758
Sahara Bains,11/12/2020 8:52, METROREX U POLITEHNI  RO  BUCURESTI,2.5,Others,Rotterdam,51.92557,4.47806
Esme-Rose Parker,1/26/2019 2:41, METROREX U POLITEHNI  RO  BUCURESTI,2.5,Others,Thassos,40.68665,24.65255
Shelly Hartman,12/09/2019 10:02, METROREX U POLITEHNI  RO  BUCURESTI,2.5,Others,Bruges,51.21194,3.22755
Simra Hilton,8/18/2019 20:25, METROREX U POLITEHNI  RO  BUCURESTI,2.5,Others,Thessaloniki,40.64676,22.94897
Sierra Brewer,11/03/2020 21:53, METROREX U POLITEHNI  RO  BUCURESTI,2.5,Others,Bucharest,44.43509,26.10365
Esme-Rose Parker,6/06/2020 21:18, METROREX U POLITEHNI  RO  BUCURESTI,2.5,Others,Thessaloniki,40.64202,22.94546
Simra Hilton,5/23/2020 12:36, METROREX U POLITEHNI  RO  BUCURESTI,2.5,Others,Antwerp,51.22147,4.40792
Simra Hilton,5/19/2020 4:38, METROREX U POLITEHNI  RO  BUCURESTI,2.5,Others,Thassos,40.69348,24.65252
Johnny Burris,5/27/2019 1:50, METROREX U POLITEHNI  RO  BUCURESTI,2.5,Others,Rotterdam,51.92701,4.48578
Johnny Burris,5/23/2019 14:34, METROREX U POLITEHNI  RO  BUCURESTI,2.5,Others,Thassos,40.69119,24.65563
Shelly Hartman,10/22/2020 13:42, METROREX U POLITEHNI  RO  BUCURESTI,2.5,Others,Brussels,50.8556,4.3559
Shelly Hartman,10/07/2019 16:04, METROREX U POLITEHNI  RO  BUCURESTI,2.5,Others,Brussels,50.85333,4.35695
Farrah Carlson,1/30/2020 22:40, METROREX U POLITEHNI  RO  BUCURESTI,2.5,Others,Bucharest,44.43026,26.10485
Shelly Hartman,7/29/2019 16:14, METROREX U POLITEHNI  RO  BUCURESTI,2.5,Others,Antwerp,51.22712,4.40648
Wasim Giles,6/10/2020 11:28, METROREX U POLITEHNI  RO  BUCURESTI,2.5,Others,Rotterdam,51.927,4.47951
Kishan Christie,4/13/2020 5:33, METROREX U POLITEHNI  RO  BUCURESTI,2.5,Others,Bruges,51.21065,3.22876
Vitsy,11/12/2020 0:00, METROREX U P UNIRI 2  RO  BUCURESTI,2.5,Others,Bucharest,44.44053,26.10763
Simra Hilton,9/10/2019 19:30, METROREX U P UNIRI 2  RO  BUCURESTI,2.5,Others,Rotterdam,51.93161,4.48158
Hunter Lott,3/28/2020 19:25, METROREX U P UNIRI 2  RO  BUCURESTI,2.5,Others,Sofia,42.70323,23.32267
Esme-Rose Parker,1/22/2019 12:41, METROREX U P UNIRI 2  RO  BUCURESTI,2.5,Others,Antwerp,51.22097,4.40433
Sahara Bains,4/30/2020 12:58, METROREX U P UNIRI 2  RO  BUCURESTI,2.5,Others,Amsterdam,52.37225,4.91032
Simra Hilton,4/08/2020 0:48, METROREX U P UNIRI 2  RO  BUCURESTI,2.5,Others,Hague,52.07578,4.30747
Esme-Rose Parker,12/23/2019 11:13, METROREX U P UNIRI 2  RO  BUCURESTI,2.5,Others,Thessaloniki,40.64681,22.94763
Esme-Rose Parker,11/11/2019 13:00, METROREX U P UNIRI 2  RO  BUCURESTI,2.5,Others,Bruges,51.21439,3.22747
Hunter Lott,4/23/2019 9:57, METROREX U P UNIRI 2  RO  BUCURESTI,2.5,Others,Amsterdam,52.36782,4.90432
Hunter Lott,4/27/2019 13:26, METROREX U P UNIRI 2  RO  BUCURESTI,2.5,Others,Bruges,51.21065,3.22884
Johnny Burris,5/04/2020 16:04, METROREX U P UNIRI 2  RO  BUCURESTI,2.5,Others,Thessaloniki,40.64122,22.9475
Farrah Carlson,6/02/2019 18:12, METROREX U P UNIRI 2  RO  BUCURESTI,2.5,Others,Thassos,40.68974,24.65305
Johnny Burris,7/11/2020 5:19, METROREX U P UNIRI 2  RO  BUCURESTI,2.5,Others,Thessaloniki,40.6456,22.952
Kishan Christie,12/27/2019 16:00, METROREX U P UNIRI 2  RO  BUCURESTI,2.5,Others,Sofia,42.70459,23.32688
Wasim Giles,2/05/2019 22:09, METROREX U P UNIRI 2  RO  BUCURESTI,2.5,Others,Bucharest,44.42703,26.10572
Simra Hilton,2/04/2019 8:57, METROREX U P UNIRI 2  RO  BUCURESTI,2.5,Others,Sofia,42.70492,23.32536
Kishan Christie,5/26/2019 20:21, METROREX U P UNIRI 2  RO  BUCURESTI,2.5,Others,Thessaloniki,40.64251,22.95227
Farrah Carlson,1/20/2020 11:25, METROREX U P UNIRI 2  RO  BUCURESTI,2.5,Others,Antwerp,51.22056,4.40986
Kishan Christie,5/11/2019 22:56, METROREX U P UNIRI 2  RO  BUCURESTI,2.5,Others,Hague,52.07344,4.30851
Hunter Lott,1/09/2020 19:59, METROREX U P UNIRI 2  RO  BUCURESTI,2.5,Others,Thassos,40.69155,24.64895
Sahara Bains,7/08/2020 22:15, METROREX U P UNIRI 2  RO  BUCURESTI,2.5,Others,Rotterdam,51.92879,4.47889
Vitsy,11/11/2020 0:00, EP*alcooldiscount.ro  RO  BUCURESTI,211.26,Food&Beverages,Bucharest,44.43482,26.11112
Wasim Giles,4/26/2019 4:26, EP*alcooldiscount.ro  RO  BUCURESTI,211.26,Food&Beverages,Brussels,50.85267,4.35532
Sahara Bains,10/13/2020 12:55, EP*alcooldiscount.ro  RO  BUCURESTI,211.26,Food&Beverages,Thessaloniki,40.64393,22.94559
Johnny Burris,1/01/2020 3:25, EP*alcooldiscount.ro  RO  BUCURESTI,211.26,Food&Beverages,Amsterdam,52.37124,4.90568
Hunter Lott,10/25/2020 0:57, EP*alcooldiscount.ro  RO  BUCURESTI,211.26,Food&Beverages,Amsterdam,52.36976,4.91301
Kishan Christie,6/09/2019 15:19, EP*alcooldiscount.ro  RO  BUCURESTI,211.26,Food&Beverages,Hague,52.07638,4.30953
Esme-Rose Parker,11/01/2020 20:54, EP*alcooldiscount.ro  RO  BUCURESTI,211.26,Food&Beverages,Bruges,51.21,3.22605
Farrah Carlson,8/24/2020 6:52, EP*alcooldiscount.ro  RO  BUCURESTI,211.26,Food&Beverages,Thessaloniki,40.6431,22.94783
Farrah Carlson,2/15/2020 17:11, EP*alcooldiscount.ro  RO  BUCURESTI,211.26,Food&Beverages,Antwerp,51.22497,4.41038
Shelly Hartman,5/22/2019 10:07, EP*alcooldiscount.ro  RO  BUCURESTI,211.26,Food&Beverages,Bucharest,44.42788,26.10464
Esme-Rose Parker,3/23/2019 16:06, EP*alcooldiscount.ro  RO  BUCURESTI,211.26,Food&Beverages,Thassos,40.68958,24.6487
Johnny Burris,6/14/2020 12:03, EP*alcooldiscount.ro  RO  BUCURESTI,211.26,Food&Beverages,Thessaloniki,40.64303,22.9449
Wasim Giles,1/26/2020 3:59, EP*alcooldiscount.ro  RO  BUCURESTI,211.26,Food&Beverages,Hague,52.0722,4.30552
Johnny Burris,2/23/2020 20:45, EP*alcooldiscount.ro  RO  BUCURESTI,211.26,Food&Beverages,Rotterdam,51.92773,4.48409
Kishan Christie,3/30/2020 9:22, EP*alcooldiscount.ro  RO  BUCURESTI,211.26,Food&Beverages,Sofia,42.70582,23.32464
Shelly Hartman,9/20/2020 9:05, EP*alcooldiscount.ro  RO  BUCURESTI,211.26,Food&Beverages,Thessaloniki,40.64385,22.9494
Kishan Christie,11/18/2019 3:48, EP*alcooldiscount.ro  RO  BUCURESTI,211.26,Food&Beverages,Rotterdam,51.92468,4.47949
Hunter Lott,4/07/2019 12:35, EP*alcooldiscount.ro  RO  BUCURESTI,211.26,Food&Beverages,Sofia,42.70347,23.3295
Wasim Giles,2/21/2020 5:34, EP*alcooldiscount.ro  RO  BUCURESTI,211.26,Food&Beverages,Brussels,50.85127,4.35527
Sierra Brewer,3/17/2019 15:47, EP*alcooldiscount.ro  RO  BUCURESTI,211.26,Food&Beverages,Bruges,51.21409,3.22642
Wasim Giles,7/11/2020 17:25, EP*alcooldiscount.ro  RO  BUCURESTI,211.26,Food&Beverages,Amsterdam,52.37338,4.9111
Vitsy,11/11/2020 0:00, MEGAIMAGE 0266 M.BASA70SG  RO  BUCURESTI,25.4,Food&Beverages,Bucharest,44.43493,26.11039
Shelly Hartman,12/25/2019 3:01, MEGAIMAGE 0266 M.BASA70SG  RO  BUCURESTI,25.4,Food&Beverages,Hague,52.07146,4.30547
Shelly Hartman,8/25/2019 13:27, MEGAIMAGE 0266 M.BASA70SG  RO  BUCURESTI,25.4,Food&Beverages,Amsterdam,52.36952,4.90717
Hunter Lott,8/30/2020 9:45, MEGAIMAGE 0266 M.BASA70SG  RO  BUCURESTI,25.4,Food&Beverages,Bucharest,44.43003,26.11002
Johnny Burris,3/08/2019 3:14, MEGAIMAGE 0266 M.BASA70SG  RO  BUCURESTI,25.4,Food&Beverages,Sofia,42.70425,23.32911
Kishan Christie,2/12/2020 1:22, MEGAIMAGE 0266 M.BASA70SG  RO  BUCURESTI,25.4,Food&Beverages,Bruges,51.21009,3.22541
Wasim Giles,7/06/2020 8:29, MEGAIMAGE 0266 M.BASA70SG  RO  BUCURESTI,25.4,Food&Beverages,Hague,52.07444,4.30677
Farrah Carlson,7/08/2019 1:35, MEGAIMAGE 0266 M.BASA70SG  RO  BUCURESTI,25.4,Food&Beverages,Hague,52.07332,4.30171
Shelly Hartman,8/31/2019 23:05, MEGAIMAGE 0266 M.BASA70SG  RO  BUCURESTI,25.4,Food&Beverages,Antwerp,51.22105,4.40627
Shelly Hartman,3/14/2019 22:44, MEGAIMAGE 0266 M.BASA70SG  RO  BUCURESTI,25.4,Food&Beverages,Amsterdam,52.37037,4.90422
Shelly Hartman,9/06/2020 10:04, MEGAIMAGE 0266 M.BASA70SG  RO  BUCURESTI,25.4,Food&Beverages,Antwerp,51.2225,4.41054
Sahara Bains,8/01/2020 13:58, MEGAIMAGE 0266 M.BASA70SG  RO  BUCURESTI,25.4,Food&Beverages,Hague,52.07634,4.3058
Wasim Giles,3/30/2019 5:43, MEGAIMAGE 0266 M.BASA70SG  RO  BUCURESTI,25.4,Food&Beverages,Amsterdam,52.37398,4.90508
Sierra Brewer,11/14/2020 23:20, MEGAIMAGE 0266 M.BASA70SG  RO  BUCURESTI,25.4,Food&Beverages,Antwerp,51.22231,4.40316
Sahara Bains,7/27/2020 20:41, MEGAIMAGE 0266 M.BASA70SG  RO  BUCURESTI,25.4,Food&Beverages,Antwerp,51.22571,4.4106
Farrah Carlson,9/18/2020 15:36, MEGAIMAGE 0266 M.BASA70SG  RO  BUCURESTI,25.4,Food&Beverages,Brussels,50.85376,4.35635
Shelly Hartman,6/18/2019 14:03, MEGAIMAGE 0266 M.BASA70SG  RO  BUCURESTI,25.4,Food&Beverages,Rotterdam,51.9292,4.48023
Johnny Burris,5/21/2019 22:50, MEGAIMAGE 0266 M.BASA70SG  RO  BUCURESTI,25.4,Food&Beverages,Bucharest,44.43004,26.10629
Shelly Hartman,10/30/2020 3:07, MEGAIMAGE 0266 M.BASA70SG  RO  BUCURESTI,25.4,Food&Beverages,Thessaloniki,40.64655,22.95001
Farrah Carlson,8/12/2020 11:57, MEGAIMAGE 0266 M.BASA70SG  RO  BUCURESTI,25.4,Food&Beverages,Bucharest,44.43376,26.1115
Johnny Burris,5/21/2020 23:14, MEGAIMAGE 0266 M.BASA70SG  RO  BUCURESTI,25.4,Food&Beverages,Bucharest,44.42935,26.10853
Vitsy,11/10/2020 0:00, MEGAIMAGE 0016 HALATRAIAN  RO  BUCURESTI,23.9,Food&Beverages,Bucharest,44.44421,26.10508
Kishan Christie,4/05/2020 11:56, MEGAIMAGE 0016 HALATRAIAN  RO  BUCURESTI,23.9,Food&Beverages,Amsterdam,52.36818,4.9096
Farrah Carlson,2/14/2020 11:00, MEGAIMAGE 0016 HALATRAIAN  RO  BUCURESTI,23.9,Food&Beverages,Brussels,50.85718,4.35971
Hunter Lott,1/15/2020 22:05, MEGAIMAGE 0016 HALATRAIAN  RO  BUCURESTI,23.9,Food&Beverages,Sofia,42.70008,23.32515
Hunter Lott,9/27/2020 16:52, MEGAIMAGE 0016 HALATRAIAN  RO  BUCURESTI,23.9,Food&Beverages,Brussels,50.85425,4.35246
Farrah Carlson,1/16/2019 5:10, MEGAIMAGE 0016 HALATRAIAN  RO  BUCURESTI,23.9,Food&Beverages,Thessaloniki,40.64543,22.94683
Esme-Rose Parker,4/29/2020 8:19, MEGAIMAGE 0016 HALATRAIAN  RO  BUCURESTI,23.9,Food&Beverages,Bruges,51.21627,3.23145
Sierra Brewer,4/30/2019 13:56, MEGAIMAGE 0016 HALATRAIAN  RO  BUCURESTI,23.9,Food&Beverages,Antwerp,51.221,4.40534
Hunter Lott,9/04/2020 13:07, MEGAIMAGE 0016 HALATRAIAN  RO  BUCURESTI,23.9,Food&Beverages,Bucharest,44.43587,26.1031
Johnny Burris,4/03/2020 18:37, MEGAIMAGE 0016 HALATRAIAN  RO  BUCURESTI,23.9,Food&Beverages,Rotterdam,51.92498,4.48034
Hunter Lott,7/24/2019 23:02, MEGAIMAGE 0016 HALATRAIAN  RO  BUCURESTI,23.9,Food&Beverages,Bruges,51.21347,3.22499
Farrah Carlson,6/08/2020 1:15, MEGAIMAGE 0016 HALATRAIAN  RO  BUCURESTI,23.9,Food&Beverages,Amsterdam,52.37217,4.90906
Esme-Rose Parker,4/16/2019 11:24, MEGAIMAGE 0016 HALATRAIAN  RO  BUCURESTI,23.9,Food&Beverages,Thessaloniki,40.64636,22.94591
Kishan Christie,11/04/2019 20:44, MEGAIMAGE 0016 HALATRAIAN  RO  BUCURESTI,23.9,Food&Beverages,Hague,52.07225,4.3068
Johnny Burris,11/20/2020 16:51, MEGAIMAGE 0016 HALATRAIAN  RO  BUCURESTI,23.9,Food&Beverages,Bucharest,44.43374,26.1119
Wasim Giles,2/19/2019 23:11, MEGAIMAGE 0016 HALATRAIAN  RO  BUCURESTI,23.9,Food&Beverages,Rotterdam,51.92968,4.48099
Hunter Lott,7/08/2020 15:47, MEGAIMAGE 0016 HALATRAIAN  RO  BUCURESTI,23.9,Food&Beverages,Hague,52.07384,4.30578
Sahara Bains,2/24/2020 23:25, MEGAIMAGE 0016 HALATRAIAN  RO  BUCURESTI,23.9,Food&Beverages,Sofia,42.70062,23.33115
Kishan Christie,5/18/2020 7:30, MEGAIMAGE 0016 HALATRAIAN  RO  BUCURESTI,23.9,Food&Beverages,Antwerp,51.22359,4.40816
Sahara Bains,6/25/2020 0:51, MEGAIMAGE 0016 HALATRAIAN  RO  BUCURESTI,23.9,Food&Beverages,Rotterdam,51.92814,4.47943
Johnny Burris,6/17/2020 19:05, MEGAIMAGE 0016 HALATRAIAN  RO  BUCURESTI,23.9,Food&Beverages,Bruges,51.21398,3.23312
Vitsy,11/10/2020 0:00, TABACIOC LIPSCANI  RO  BUCURESTI,187,Food&Beverages,Bucharest,44.43947,26.10182
Wasim Giles,2/14/2020 13:00, TABACIOC LIPSCANI  RO  BUCURESTI,187,Food&Beverages,Thassos,40.68794,24.6523
Johnny Burris,10/15/2019 6:10, TABACIOC LIPSCANI  RO  BUCURESTI,187,Food&Beverages,Antwerp,51.2274,4.40368
Wasim Giles,12/17/2019 10:47, TABACIOC LIPSCANI  RO  BUCURESTI,187,Food&Beverages,Antwerp,51.22181,4.40678
Wasim Giles,6/13/2020 14:03, TABACIOC LIPSCANI  RO  BUCURESTI,187,Food&Beverages,Hague,52.07459,4.30722
Farrah Carlson,3/23/2020 3:37, TABACIOC LIPSCANI  RO  BUCURESTI,187,Food&Beverages,Rotterdam,51.92987,4.47996
Wasim Giles,7/29/2020 18:59, TABACIOC LIPSCANI  RO  BUCURESTI,187,Food&Beverages,Sofia,42.69776,23.32672
Esme-Rose Parker,12/29/2019 15:12, TABACIOC LIPSCANI  RO  BUCURESTI,187,Food&Beverages,Sofia,42.70408,23.32704
Sierra Brewer,9/02/2020 19:17, TABACIOC LIPSCANI  RO  BUCURESTI,187,Food&Beverages,Brussels,50.85603,4.35801
Sahara Bains,8/30/2020 0:19, TABACIOC LIPSCANI  RO  BUCURESTI,187,Food&Beverages,Hague,52.0708,4.30474
Sierra Brewer,9/28/2020 6:15, TABACIOC LIPSCANI  RO  BUCURESTI,187,Food&Beverages,Thassos,40.69277,24.6492
Kishan Christie,8/22/2019 3:03, TABACIOC LIPSCANI  RO  BUCURESTI,187,Food&Beverages,Thessaloniki,40.64666,22.95246
Kishan Christie,3/13/2019 7:29, TABACIOC LIPSCANI  RO  BUCURESTI,187,Food&Beverages,Bruges,51.20968,3.23063
Wasim Giles,5/12/2020 20:43, TABACIOC LIPSCANI  RO  BUCURESTI,187,Food&Beverages,Sofia,42.69944,23.32398
Farrah Carlson,7/08/2019 13:42, TABACIOC LIPSCANI  RO  BUCURESTI,187,Food&Beverages,Rotterdam,51.92639,4.47848
Hunter Lott,2/17/2019 11:13, TABACIOC LIPSCANI  RO  BUCURESTI,187,Food&Beverages,Thassos,40.68853,24.65196
Shelly Hartman,10/08/2019 11:58, TABACIOC LIPSCANI  RO  BUCURESTI,187,Food&Beverages,Bucharest,44.42876,26.10558
Esme-Rose Parker,1/04/2020 21:36, TABACIOC LIPSCANI  RO  BUCURESTI,187,Food&Beverages,Amsterdam,52.36954,4.91186
Wasim Giles,10/17/2020 14:27, TABACIOC LIPSCANI  RO  BUCURESTI,187,Food&Beverages,Hague,52.07607,4.30142
Simra Hilton,8/22/2020 8:26, TABACIOC LIPSCANI  RO  BUCURESTI,187,Food&Beverages,Hague,52.07154,4.30502
Esme-Rose Parker,10/17/2020 0:37, TABACIOC LIPSCANI  RO  BUCURESTI,187,Food&Beverages,Amsterdam,52.37393,4.90752
Vitsy,11/08/2020 0:00, Glovo GLOVO BU915S5FN  RO  BUCURESTI,84,Food&Beverages,Bucharest,44.43887,26.11035
Sierra Brewer,11/09/2020 23:16, Glovo GLOVO BU915S5FN  RO  BUCURESTI,84,Food&Beverages,Bucharest,44.43309,26.10753
Hunter Lott,10/29/2019 10:05, Glovo GLOVO BU915S5FN  RO  BUCURESTI,84,Food&Beverages,Bucharest,44.43003,26.10658
Esme-Rose Parker,8/03/2020 16:43, Glovo GLOVO BU915S5FN  RO  BUCURESTI,84,Food&Beverages,Bucharest,44.42785,26.10271
Esme-Rose Parker,10/13/2019 21:58, Glovo GLOVO BU915S5FN  RO  BUCURESTI,84,Food&Beverages,Sofia,42.69788,23.3227
Johnny Burris,3/16/2019 7:09, Glovo GLOVO BU915S5FN  RO  BUCURESTI,84,Food&Beverages,Sofia,42.69949,23.32703
Farrah Carlson,4/29/2020 7:38, Glovo GLOVO BU915S5FN  RO  BUCURESTI,84,Food&Beverages,Thessaloniki,40.64773,22.94474
Sahara Bains,3/05/2019 14:34, Glovo GLOVO BU915S5FN  RO  BUCURESTI,84,Food&Beverages,Bruges,51.21547,3.23061
Wasim Giles,7/03/2020 23:00, Glovo GLOVO BU915S5FN  RO  BUCURESTI,84,Food&Beverages,Hague,52.07482,4.30508
Hunter Lott,3/10/2019 23:08, Glovo GLOVO BU915S5FN  RO  BUCURESTI,84,Food&Beverages,Bruges,51.21132,3.22866
Esme-Rose Parker,3/02/2019 4:37, Glovo GLOVO BU915S5FN  RO  BUCURESTI,84,Food&Beverages,Brussels,50.85136,4.36013
Sahara Bains,11/09/2019 23:33, Glovo GLOVO BU915S5FN  RO  BUCURESTI,84,Food&Beverages,Bruges,51.21123,3.2258
Wasim Giles,9/12/2019 13:00, Glovo GLOVO BU915S5FN  RO  BUCURESTI,84,Food&Beverages,Amsterdam,52.37615,4.90423
Simra Hilton,8/06/2020 23:26, Glovo GLOVO BU915S5FN  RO  BUCURESTI,84,Food&Beverages,Amsterdam,52.36812,4.90653
Esme-Rose Parker,3/20/2020 8:26, Glovo GLOVO BU915S5FN  RO  BUCURESTI,84,Food&Beverages,Antwerp,51.22439,4.40648
Shelly Hartman,2/22/2020 10:41, Glovo GLOVO BU915S5FN  RO  BUCURESTI,84,Food&Beverages,Bucharest,44.42843,26.10506
Sahara Bains,9/22/2020 7:51, Glovo GLOVO BU915S5FN  RO  BUCURESTI,84,Food&Beverages,Rotterdam,51.93072,4.4807
Sierra Brewer,1/24/2019 22:40, Glovo GLOVO BU915S5FN  RO  BUCURESTI,84,Food&Beverages,Bruges,51.21295,3.23002
Hunter Lott,11/17/2020 6:23, Glovo GLOVO BU915S5FN  RO  BUCURESTI,84,Food&Beverages,Bucharest,44.43187,26.10406
Sierra Brewer,3/26/2020 12:03, Glovo GLOVO BU915S5FN  RO  BUCURESTI,84,Food&Beverages,Bucharest,44.434,26.10253
Sierra Brewer,11/10/2020 19:10, Glovo GLOVO BU915S5FN  RO  BUCURESTI,84,Food&Beverages,Brussels,50.85521,4.35282
Vitsy,11/07/2020 0:00, MEGAIMAGE 0016 HALATRAIAN  RO  BUCURESTI,50.55,Food&Beverages,Bucharest,44.43785,26.10964
Hunter Lott,11/20/2019 15:54, MEGAIMAGE 0016 HALATRAIAN  RO  BUCURESTI,50.55,Food&Beverages,Hague,52.07955,4.30714
Hunter Lott,2/24/2019 5:41, MEGAIMAGE 0016 HALATRAIAN  RO  BUCURESTI,50.55,Food&Beverages,Thassos,40.68467,24.65551
Hunter Lott,11/05/2020 15:52, MEGAIMAGE 0016 HALATRAIAN  RO  BUCURESTI,50.55,Food&Beverages,Brussels,50.85636,4.35754
Sahara Bains,7/21/2020 19:02, MEGAIMAGE 0016 HALATRAIAN  RO  BUCURESTI,50.55,Food&Beverages,Sofia,42.69844,23.32441
Farrah Carlson,12/15/2019 7:38, MEGAIMAGE 0016 HALATRAIAN  RO  BUCURESTI,50.55,Food&Beverages,Thassos,40.6899,24.64985
Kishan Christie,3/09/2020 3:48, MEGAIMAGE 0016 HALATRAIAN  RO  BUCURESTI,50.55,Food&Beverages,Thassos,40.68691,24.65173
Wasim Giles,3/26/2019 1:36, MEGAIMAGE 0016 HALATRAIAN  RO  BUCURESTI,50.55,Food&Beverages,Bucharest,44.42868,26.1061
Wasim Giles,1/04/2020 12:43, MEGAIMAGE 0016 HALATRAIAN  RO  BUCURESTI,50.55,Food&Beverages,Hague,52.0705,4.30634
Farrah Carlson,6/20/2020 17:01, MEGAIMAGE 0016 HALATRAIAN  RO  BUCURESTI,50.55,Food&Beverages,Bruges,51.2133,3.23108
Esme-Rose Parker,7/22/2019 12:19, MEGAIMAGE 0016 HALATRAIAN  RO  BUCURESTI,50.55,Food&Beverages,Bucharest,44.42862,26.10983
Sierra Brewer,7/15/2020 16:51, MEGAIMAGE 0016 HALATRAIAN  RO  BUCURESTI,50.55,Food&Beverages,Thassos,40.68467,24.65159
Hunter Lott,8/25/2019 17:40, MEGAIMAGE 0016 HALATRAIAN  RO  BUCURESTI,50.55,Food&Beverages,Bucharest,44.43155,26.10451
Johnny Burris,4/07/2020 21:42, MEGAIMAGE 0016 HALATRAIAN  RO  BUCURESTI,50.55,Food&Beverages,Rotterdam,51.92478,4.47952
Farrah Carlson,5/22/2020 23:33, MEGAIMAGE 0016 HALATRAIAN  RO  BUCURESTI,50.55,Food&Beverages,Thessaloniki,40.644,22.94962
Sahara Bains,11/07/2020 13:24, MEGAIMAGE 0016 HALATRAIAN  RO  BUCURESTI,50.55,Food&Beverages,Sofia,42.70547,23.32245
Sierra Brewer,8/10/2019 19:54, MEGAIMAGE 0016 HALATRAIAN  RO  BUCURESTI,50.55,Food&Beverages,Thessaloniki,40.64069,22.94584
Sahara Bains,8/25/2020 15:27, MEGAIMAGE 0016 HALATRAIAN  RO  BUCURESTI,50.55,Food&Beverages,Amsterdam,52.36832,4.91188
Farrah Carlson,4/27/2020 7:39, MEGAIMAGE 0016 HALATRAIAN  RO  BUCURESTI,50.55,Food&Beverages,Thessaloniki,40.64397,22.94856
Sierra Brewer,8/19/2020 1:47, MEGAIMAGE 0016 HALATRAIAN  RO  BUCURESTI,50.55,Food&Beverages,Brussels,50.85383,4.35295
Esme-Rose Parker,9/13/2019 0:50, MEGAIMAGE 0016 HALATRAIAN  RO  BUCURESTI,50.55,Food&Beverages,Rotterdam,51.92771,4.47978
Vitsy,11/07/2020 0:00, Glovo GLOVO BURWUCLDA  RO  BUCURESTI,43.08,Food&Beverages,Bucharest,44.43432,26.10373
Johnny Burris,1/06/2020 1:45, Glovo GLOVO BURWUCLDA  RO  BUCURESTI,43.08,Food&Beverages,Bruges,51.2116,3.23031
Hunter Lott,3/03/2019 5:14, Glovo GLOVO BURWUCLDA  RO  BUCURESTI,43.08,Food&Beverages,Antwerp,51.22439,4.40782
Wasim Giles,4/23/2020 12:21, Glovo GLOVO BURWUCLDA  RO  BUCURESTI,43.08,Food&Beverages,Amsterdam,52.37006,4.90902
Sierra Brewer,7/11/2019 8:51, Glovo GLOVO BURWUCLDA  RO  BUCURESTI,43.08,Food&Beverages,Rotterdam,51.92879,4.47934
Hunter Lott,4/11/2020 19:14, Glovo GLOVO BURWUCLDA  RO  BUCURESTI,43.08,Food&Beverages,Rotterdam,51.92835,4.48469
Johnny Burris,7/04/2020 3:30, Glovo GLOVO BURWUCLDA  RO  BUCURESTI,43.08,Food&Beverages,Hague,52.07188,4.30281
Farrah Carlson,9/21/2020 11:13, Glovo GLOVO BURWUCLDA  RO  BUCURESTI,43.08,Food&Beverages,Antwerp,51.22246,4.40703
Johnny Burris,5/30/2020 10:57, Glovo GLOVO BURWUCLDA  RO  BUCURESTI,43.08,Food&Beverages,Rotterdam,51.92859,4.47791
Hunter Lott,7/21/2019 17:23, Glovo GLOVO BURWUCLDA  RO  BUCURESTI,43.08,Food&Beverages,Rotterdam,51.927,4.48429
Kishan Christie,10/07/2020 9:15, Glovo GLOVO BURWUCLDA  RO  BUCURESTI,43.08,Food&Beverages,Hague,52.07902,4.3019
Farrah Carlson,1/29/2019 8:36, Glovo GLOVO BURWUCLDA  RO  BUCURESTI,43.08,Food&Beverages,Sofia,42.70567,23.32729
Wasim Giles,10/09/2019 2:12, Glovo GLOVO BURWUCLDA  RO  BUCURESTI,43.08,Food&Beverages,Amsterdam,52.36855,4.90987
Esme-Rose Parker,9/18/2019 20:08, Glovo GLOVO BURWUCLDA  RO  BUCURESTI,43.08,Food&Beverages,Amsterdam,52.37168,4.90666
Esme-Rose Parker,5/21/2020 20:57, Glovo GLOVO BURWUCLDA  RO  BUCURESTI,43.08,Food&Beverages,Hague,52.07996,4.30657
Esme-Rose Parker,3/25/2020 12:35, Glovo GLOVO BURWUCLDA  RO  BUCURESTI,43.08,Food&Beverages,Sofia,42.69786,23.32227
Shelly Hartman,10/09/2020 2:11, Glovo GLOVO BURWUCLDA  RO  BUCURESTI,43.08,Food&Beverages,Bruges,51.21238,3.2259
Hunter Lott,8/01/2019 12:21, Glovo GLOVO BURWUCLDA  RO  BUCURESTI,43.08,Food&Beverages,Sofia,42.70287,23.32741
Esme-Rose Parker,8/30/2019 3:05, Glovo GLOVO BURWUCLDA  RO  BUCURESTI,43.08,Food&Beverages,Brussels,50.85677,4.35453
Farrah Carlson,4/21/2019 2:13, Glovo GLOVO BURWUCLDA  RO  BUCURESTI,43.08,Food&Beverages,Thassos,40.68959,24.65065
Wasim Giles,7/09/2019 10:51, Glovo GLOVO BURWUCLDA  RO  BUCURESTI,43.08,Food&Beverages,Brussels,50.85742,4.35496
Vitsy,11/06/2020 0:00, RCS AND RDS SA  RO  BUCURESTI,40,Bills,Bucharest,44.43927,26.10465
Wasim Giles,9/06/2020 8:38, RCS AND RDS SA  RO  BUCURESTI,40,Bills,Bucharest,44.42767,26.10787
Johnny Burris,3/31/2020 13:08, RCS AND RDS SA  RO  BUCURESTI,40,Bills,Amsterdam,52.3755,4.9093
Sierra Brewer,7/18/2020 23:33, RCS AND RDS SA  RO  BUCURESTI,40,Bills,Bucharest,44.43473,26.10415
Johnny Burris,8/15/2019 9:56, RCS AND RDS SA  RO  BUCURESTI,40,Bills,Thessaloniki,40.64474,22.94633
Kishan Christie,5/21/2020 9:49, RCS AND RDS SA  RO  BUCURESTI,40,Bills,Bruges,51.20986,3.23141
Simra Hilton,7/04/2019 14:39, RCS AND RDS SA  RO  BUCURESTI,40,Bills,Hague,52.07068,4.30121
Shelly Hartman,10/24/2020 7:11, RCS AND RDS SA  RO  BUCURESTI,40,Bills,Amsterdam,52.37541,4.90827
Shelly Hartman,10/19/2019 10:25, RCS AND RDS SA  RO  BUCURESTI,40,Bills,Bucharest,44.42905,26.10859
Sierra Brewer,9/22/2020 5:19, RCS AND RDS SA  RO  BUCURESTI,40,Bills,Bruges,51.2097,3.23222
Wasim Giles,8/21/2020 7:05, RCS AND RDS SA  RO  BUCURESTI,40,Bills,Sofia,42.70451,23.32665
Hunter Lott,1/24/2020 8:26, RCS AND RDS SA  RO  BUCURESTI,40,Bills,Bruges,51.21292,3.23226
Sahara Bains,10/08/2020 21:48, RCS AND RDS SA  RO  BUCURESTI,40,Bills,Hague,52.07165,4.30425
Sierra Brewer,1/16/2020 16:02, RCS AND RDS SA  RO  BUCURESTI,40,Bills,Amsterdam,52.36846,4.90713
Johnny Burris,8/25/2020 0:23, RCS AND RDS SA  RO  BUCURESTI,40,Bills,Thassos,40.68696,24.65659
Wasim Giles,12/25/2019 19:56, RCS AND RDS SA  RO  BUCURESTI,40,Bills,Sofia,42.70279,23.32701
Wasim Giles,5/11/2020 10:42, RCS AND RDS SA  RO  BUCURESTI,40,Bills,Sofia,42.70037,23.32924
Johnny Burris,2/04/2020 11:23, RCS AND RDS SA  RO  BUCURESTI,40,Bills,Thessaloniki,40.64601,22.94964
Shelly Hartman,12/15/2019 8:37, RCS AND RDS SA  RO  BUCURESTI,40,Bills,Thassos,40.68524,24.65532
Sahara Bains,12/21/2019 19:42, RCS AND RDS SA  RO  BUCURESTI,40,Bills,Hague,52.07266,4.30524
Shelly Hartman,10/05/2019 5:24, RCS AND RDS SA  RO  BUCURESTI,40,Bills,Brussels,50.85262,4.35415
Vitsy,11/04/2020 0:00, MEGAIMAGE 0016 HALATRAIAN  RO  BUCURESTI,14.16,Food&Beverages,Bucharest,44.44121,26.10627
Farrah Carlson,5/15/2019 15:34, MEGAIMAGE 0016 HALATRAIAN  RO  BUCURESTI,14.16,Food&Beverages,Hague,52.07414,4.30556
Farrah Carlson,6/09/2020 7:16, MEGAIMAGE 0016 HALATRAIAN  RO  BUCURESTI,14.16,Food&Beverages,Sofia,42.70151,23.32319
Wasim Giles,6/01/2019 19:29, MEGAIMAGE 0016 HALATRAIAN  RO  BUCURESTI,14.16,Food&Beverages,Rotterdam,51.92938,4.48364
Sahara Bains,2/17/2020 12:57, MEGAIMAGE 0016 HALATRAIAN  RO  BUCURESTI,14.16,Food&Beverages,Thassos,40.68752,24.65226
Kishan Christie,9/18/2019 14:47, MEGAIMAGE 0016 HALATRAIAN  RO  BUCURESTI,14.16,Food&Beverages,Amsterdam,52.3678,4.91007
Kishan Christie,10/16/2020 5:57, MEGAIMAGE 0016 HALATRAIAN  RO  BUCURESTI,14.16,Food&Beverages,Thassos,40.68672,24.65644
Kishan Christie,4/05/2019 9:58, MEGAIMAGE 0016 HALATRAIAN  RO  BUCURESTI,14.16,Food&Beverages,Antwerp,51.22228,4.41146
Wasim Giles,6/25/2019 18:22, MEGAIMAGE 0016 HALATRAIAN  RO  BUCURESTI,14.16,Food&Beverages,Hague,52.07073,4.30928
Shelly Hartman,6/21/2019 19:45, MEGAIMAGE 0016 HALATRAIAN  RO  BUCURESTI,14.16,Food&Beverages,Hague,52.07302,4.30629
Hunter Lott,3/11/2020 17:08, MEGAIMAGE 0016 HALATRAIAN  RO  BUCURESTI,14.16,Food&Beverages,Hague,52.07447,4.30711
Kishan Christie,6/17/2019 4:11, MEGAIMAGE 0016 HALATRAIAN  RO  BUCURESTI,14.16,Food&Beverages,Sofia,42.69984,23.32494
Sahara Bains,5/17/2020 0:11, MEGAIMAGE 0016 HALATRAIAN  RO  BUCURESTI,14.16,Food&Beverages,Thassos,40.69235,24.65157
Sahara Bains,5/05/2019 23:27, MEGAIMAGE 0016 HALATRAIAN  RO  BUCURESTI,14.16,Food&Beverages,Thassos,40.68642,24.65448
Farrah Carlson,6/29/2020 0:33, MEGAIMAGE 0016 HALATRAIAN  RO  BUCURESTI,14.16,Food&Beverages,Thassos,40.68503,24.65309
Wasim Giles,5/06/2019 19:46, MEGAIMAGE 0016 HALATRAIAN  RO  BUCURESTI,14.16,Food&Beverages,Bucharest,44.42781,26.10738
Sahara Bains,6/12/2019 13:30, MEGAIMAGE 0016 HALATRAIAN  RO  BUCURESTI,14.16,Food&Beverages,Sofia,42.69781,23.32921
Hunter Lott,8/04/2020 7:54, MEGAIMAGE 0016 HALATRAIAN  RO  BUCURESTI,14.16,Food&Beverages,Thassos,40.68518,24.65252
Shelly Hartman,9/19/2019 13:23, MEGAIMAGE 0016 HALATRAIAN  RO  BUCURESTI,14.16,Food&Beverages,Hague,52.07313,4.30141
Wasim Giles,12/15/2019 12:15, MEGAIMAGE 0016 HALATRAIAN  RO  BUCURESTI,14.16,Food&Beverages,Thessaloniki,40.64682,22.94701
Kishan Christie,4/06/2019 17:03, MEGAIMAGE 0016 HALATRAIAN  RO  BUCURESTI,14.16,Food&Beverages,Bucharest,44.42995,26.10746
Vitsy,11/04/2020 0:00, METROREX U AVIATORIL  RO  BUCURESTI,2.5,Others,Bucharest,44.43699,26.11247
Kishan Christie,11/29/2019 16:15, METROREX U AVIATORIL  RO  BUCURESTI,2.5,Others,Bucharest,44.42745,26.1029
Wasim Giles,12/18/2019 17:13, METROREX U AVIATORIL  RO  BUCURESTI,2.5,Others,Bruges,51.21079,3.22722
Sierra Brewer,1/19/2020 9:18, METROREX U AVIATORIL  RO  BUCURESTI,2.5,Others,Sofia,42.70267,23.32517
Farrah Carlson,1/18/2020 13:33, METROREX U AVIATORIL  RO  BUCURESTI,2.5,Others,Sofia,42.70392,23.32406
Farrah Carlson,3/06/2020 5:38, METROREX U AVIATORIL  RO  BUCURESTI,2.5,Others,Bucharest,44.42743,26.10809
Simra Hilton,3/19/2020 15:21, METROREX U AVIATORIL  RO  BUCURESTI,2.5,Others,Amsterdam,52.37161,4.90453
Kishan Christie,5/10/2019 12:47, METROREX U AVIATORIL  RO  BUCURESTI,2.5,Others,Bruges,51.21556,3.22497
Sierra Brewer,11/12/2020 22:01, METROREX U AVIATORIL  RO  BUCURESTI,2.5,Others,Bruges,51.21128,3.2308
Shelly Hartman,5/18/2020 2:16, METROREX U AVIATORIL  RO  BUCURESTI,2.5,Others,Thassos,40.6872,24.65198
Kishan Christie,11/01/2020 0:37, METROREX U AVIATORIL  RO  BUCURESTI,2.5,Others,Rotterdam,51.93086,4.48533
Johnny Burris,3/09/2020 15:12, METROREX U AVIATORIL  RO  BUCURESTI,2.5,Others,Amsterdam,52.37295,4.90884
Johnny Burris,6/30/2020 8:42, METROREX U AVIATORIL  RO  BUCURESTI,2.5,Others,Antwerp,51.22637,4.40821
Farrah Carlson,5/01/2020 2:52, METROREX U AVIATORIL  RO  BUCURESTI,2.5,Others,Sofia,42.70073,23.32702
Hunter Lott,9/01/2019 8:15, METROREX U AVIATORIL  RO  BUCURESTI,2.5,Others,Bruges,51.21601,3.23027
Wasim Giles,8/21/2020 2:44, METROREX U AVIATORIL  RO  BUCURESTI,2.5,Others,Bucharest,44.4334,26.10292
Simra Hilton,6/29/2020 15:11, METROREX U AVIATORIL  RO  BUCURESTI,2.5,Others,Amsterdam,52.37058,4.91096
Kishan Christie,3/09/2020 20:05, METROREX U AVIATORIL  RO  BUCURESTI,2.5,Others,Rotterdam,51.92829,4.48015
Farrah Carlson,4/04/2019 23:35, METROREX U AVIATORIL  RO  BUCURESTI,2.5,Others,Bucharest,44.43176,26.10603
Wasim Giles,8/16/2019 8:17, METROREX U AVIATORIL  RO  BUCURESTI,2.5,Others,Thessaloniki,40.64775,22.94731
Farrah Carlson,8/19/2019 17:35, METROREX U AVIATORIL  RO  BUCURESTI,2.5,Others,Bruges,51.21566,3.2247
Vitsy,11/04/2020 0:00, CARTURESTI CARUSEL  RO  BUCURESTI,94,Shopping,Bucharest,44.43977,26.10705
Kishan Christie,10/13/2019 5:04, CARTURESTI CARUSEL  RO  BUCURESTI,94,Shopping,Bruges,51.21403,3.23217
Wasim Giles,3/06/2019 3:22, CARTURESTI CARUSEL  RO  BUCURESTI,94,Shopping,Thessaloniki,40.64487,22.94606
Kishan Christie,4/07/2020 22:51, CARTURESTI CARUSEL  RO  BUCURESTI,94,Shopping,Hague,52.07241,4.30676
Shelly Hartman,6/23/2019 1:05, CARTURESTI CARUSEL  RO  BUCURESTI,94,Shopping,Amsterdam,52.3719,4.90794
Sahara Bains,6/09/2019 12:49, CARTURESTI CARUSEL  RO  BUCURESTI,94,Shopping,Thassos,40.68494,24.64886
Shelly Hartman,9/26/2019 1:24, CARTURESTI CARUSEL  RO  BUCURESTI,94,Shopping,Bruges,51.21021,3.22935
Shelly Hartman,8/24/2019 12:08, CARTURESTI CARUSEL  RO  BUCURESTI,94,Shopping,Antwerp,51.2271,4.4078
Farrah Carlson,1/28/2019 3:09, CARTURESTI CARUSEL  RO  BUCURESTI,94,Shopping,Rotterdam,51.9251,4.48272
Farrah Carlson,10/20/2019 14:41, CARTURESTI CARUSEL  RO  BUCURESTI,94,Shopping,Antwerp,51.22251,4.40949
Shelly Hartman,3/26/2019 9:07, CARTURESTI CARUSEL  RO  BUCURESTI,94,Shopping,Antwerp,51.22427,4.40522
Wasim Giles,3/31/2019 3:13, CARTURESTI CARUSEL  RO  BUCURESTI,94,Shopping,Bruges,51.21397,3.23228
Sahara Bains,11/14/2020 16:39, CARTURESTI CARUSEL  RO  BUCURESTI,94,Shopping,Hague,52.07188,4.30629
Sahara Bains,9/13/2020 6:15, CARTURESTI CARUSEL  RO  BUCURESTI,94,Shopping,Rotterdam,51.92978,4.48369
Sahara Bains,7/28/2019 13:28, CARTURESTI CARUSEL  RO  BUCURESTI,94,Shopping,Antwerp,51.22486,4.40795
Simra Hilton,10/16/2019 10:22, CARTURESTI CARUSEL  RO  BUCURESTI,94,Shopping,Hague,52.07632,4.30446
Sahara Bains,5/25/2019 3:13, CARTURESTI CARUSEL  RO  BUCURESTI,94,Shopping,Rotterdam,51.93055,4.48593
Shelly Hartman,8/30/2019 20:17, CARTURESTI CARUSEL  RO  BUCURESTI,94,Shopping,Hague,52.0726,4.30514
Sahara Bains,9/01/2020 3:00, CARTURESTI CARUSEL  RO  BUCURESTI,94,Shopping,Hague,52.07461,4.30725
Kishan Christie,3/20/2020 21:52, CARTURESTI CARUSEL  RO  BUCURESTI,94,Shopping,Sofia,42.69785,23.32759
Kishan Christie,10/23/2019 14:50, CARTURESTI CARUSEL  RO  BUCURESTI,94,Shopping,Bruges,51.21271,3.233
Vitsy,11/04/2020 0:00, METROREX U P UNIRI 2  RO  BUCURESTI,2.5,Others,Bucharest,44.43849,26.10836
Sahara Bains,10/06/2020 2:49, METROREX U P UNIRI 2  RO  BUCURESTI,2.5,Others,Bruges,51.21359,3.23358
Shelly Hartman,11/09/2020 7:43, METROREX U P UNIRI 2  RO  BUCURESTI,2.5,Others,Amsterdam,52.36856,4.9057
Sahara Bains,6/27/2020 4:48, METROREX U P UNIRI 2  RO  BUCURESTI,2.5,Others,Bucharest,44.43009,26.10358
Wasim Giles,5/14/2019 12:13, METROREX U P UNIRI 2  RO  BUCURESTI,2.5,Others,Thassos,40.68649,24.64916
Sahara Bains,6/10/2019 0:57, METROREX U P UNIRI 2  RO  BUCURESTI,2.5,Others,Brussels,50.85545,4.35277
Sierra Brewer,5/14/2019 21:26, METROREX U P UNIRI 2  RO  BUCURESTI,2.5,Others,Sofia,42.6979,23.32438
Esme-Rose Parker,5/05/2020 16:54, METROREX U P UNIRI 2  RO  BUCURESTI,2.5,Others,Thassos,40.68953,24.6559
Sierra Brewer,11/07/2019 22:22, METROREX U P UNIRI 2  RO  BUCURESTI,2.5,Others,Rotterdam,51.93118,4.48028
Sahara Bains,9/14/2020 1:11, METROREX U P UNIRI 2  RO  BUCURESTI,2.5,Others,Bucharest,44.42865,26.10432
Johnny Burris,1/23/2019 2:20, METROREX U P UNIRI 2  RO  BUCURESTI,2.5,Others,Amsterdam,52.37267,4.91181
Sahara Bains,12/06/2019 4:24, METROREX U P UNIRI 2  RO  BUCURESTI,2.5,Others,Thassos,40.69149,24.65494
Sahara Bains,1/27/2019 5:00, METROREX U P UNIRI 2  RO  BUCURESTI,2.5,Others,Amsterdam,52.37316,4.90596
Johnny Burris,12/01/2019 8:48, METROREX U P UNIRI 2  RO  BUCURESTI,2.5,Others,Amsterdam,52.37513,4.91098
Hunter Lott,10/23/2020 9:06, METROREX U P UNIRI 2  RO  BUCURESTI,2.5,Others,Hague,52.07639,4.3087
Shelly Hartman,10/02/2019 11:17, METROREX U P UNIRI 2  RO  BUCURESTI,2.5,Others,Bruges,51.21434,3.23006
Kishan Christie,4/29/2019 21:24, METROREX U P UNIRI 2  RO  BUCURESTI,2.5,Others,Amsterdam,52.37543,4.9049
Hunter Lott,1/09/2020 2:37, METROREX U P UNIRI 2  RO  BUCURESTI,2.5,Others,Bucharest,44.43583,26.10769
Hunter Lott,1/06/2019 17:47, METROREX U P UNIRI 2  RO  BUCURESTI,2.5,Others,Amsterdam,52.37201,4.91199
Wasim Giles,10/01/2020 23:11, METROREX U P UNIRI 2  RO  BUCURESTI,2.5,Others,Brussels,50.85702,4.35425
Sierra Brewer,4/19/2020 5:03, METROREX U P UNIRI 2  RO  BUCURESTI,2.5,Others,Bruges,51.2135,3.22861
Vitsy,11/04/2020 0:00, METROREX U P UNIRI 2  RO  BUCURESTI,2.5,Others,Bucharest,44.44046,26.10321
Kishan Christie,6/18/2019 23:19, METROREX U P UNIRI 2  RO  BUCURESTI,2.5,Others,Amsterdam,52.36807,4.90881
Sahara Bains,5/09/2019 10:29, METROREX U P UNIRI 2  RO  BUCURESTI,2.5,Others,Hague,52.07663,4.3039
Johnny Burris,1/02/2019 2:25, METROREX U P UNIRI 2  RO  BUCURESTI,2.5,Others,Hague,52.07232,4.30654
Sahara Bains,2/15/2020 7:10, METROREX U P UNIRI 2  RO  BUCURESTI,2.5,Others,Rotterdam,51.92787,4.48004
Johnny Burris,12/20/2019 16:01, METROREX U P UNIRI 2  RO  BUCURESTI,2.5,Others,Antwerp,51.22585,4.40378
Sahara Bains,3/19/2019 15:59, METROREX U P UNIRI 2  RO  BUCURESTI,2.5,Others,Rotterdam,51.92567,4.48389
Sahara Bains,5/02/2020 3:37, METROREX U P UNIRI 2  RO  BUCURESTI,2.5,Others,Antwerp,51.22112,4.40927
Kishan Christie,3/06/2020 12:42, METROREX U P UNIRI 2  RO  BUCURESTI,2.5,Others,Thessaloniki,40.64254,22.94902
Wasim Giles,5/26/2019 6:49, METROREX U P UNIRI 2  RO  BUCURESTI,2.5,Others,Bruges,51.21781,3.22512
Sahara Bains,5/05/2020 5:02, METROREX U P UNIRI 2  RO  BUCURESTI,2.5,Others,Rotterdam,51.92938,4.47844
Sierra Brewer,1/14/2019 16:05, METROREX U P UNIRI 2  RO  BUCURESTI,2.5,Others,Hague,52.07621,4.30529
Johnny Burris,9/25/2020 22:28, METROREX U P UNIRI 2  RO  BUCURESTI,2.5,Others,Brussels,50.85501,4.35927
Kishan Christie,9/22/2019 11:08, METROREX U P UNIRI 2  RO  BUCURESTI,2.5,Others,Thessaloniki,40.64675,22.94534
Wasim Giles,4/06/2019 13:52, METROREX U P UNIRI 2  RO  BUCURESTI,2.5,Others,Thessaloniki,40.64588,22.94608
Sierra Brewer,1/24/2019 23:59, METROREX U P UNIRI 2  RO  BUCURESTI,2.5,Others,Bruges,51.21028,3.22513
Kishan Christie,5/25/2020 5:16, METROREX U P UNIRI 2  RO  BUCURESTI,2.5,Others,Antwerp,51.22628,4.40825
Esme-Rose Parker,7/28/2019 14:15, METROREX U P UNIRI 2  RO  BUCURESTI,2.5,Others,Antwerp,51.22512,4.40914
Sahara Bains,2/09/2020 17:46, METROREX U P UNIRI 2  RO  BUCURESTI,2.5,Others,Brussels,50.85165,4.35922
Hunter Lott,6/12/2020 21:15, METROREX U P UNIRI 2  RO  BUCURESTI,2.5,Others,Hague,52.07299,4.30098
Farrah Carlson,9/13/2019 21:34, METROREX U P UNIRI 2  RO  BUCURESTI,2.5,Others,Amsterdam,52.37,4.90826
Vitsy,11/03/2020 0:00, WWW.IVELO.RO  RO  BUCURESTI,10,Others,Bucharest,44.43664,26.11101
Hunter Lott,2/23/2020 5:21, WWW.IVELO.RO  RO  BUCURESTI,10,Others,Thessaloniki,40.64305,22.95001
Shelly Hartman,1/10/2019 11:30, WWW.IVELO.RO  RO  BUCURESTI,10,Others,Rotterdam,51.93252,4.48036
Johnny Burris,7/21/2019 21:48, WWW.IVELO.RO  RO  BUCURESTI,10,Others,Thassos,40.68619,24.65599
Johnny Burris,9/14/2019 13:56, WWW.IVELO.RO  RO  BUCURESTI,10,Others,Amsterdam,52.36978,4.90629
Simra Hilton,6/22/2019 18:39, WWW.IVELO.RO  RO  BUCURESTI,10,Others,Brussels,50.8548,4.35418
Simra Hilton,6/04/2019 6:38, WWW.IVELO.RO  RO  BUCURESTI,10,Others,Bruges,51.21028,3.22688
Sahara Bains,4/06/2019 6:36, WWW.IVELO.RO  RO  BUCURESTI,10,Others,Rotterdam,51.92598,4.47784
Wasim Giles,7/08/2019 23:57, WWW.IVELO.RO  RO  BUCURESTI,10,Others,Brussels,50.85169,4.35753
Johnny Burris,3/17/2019 19:36, WWW.IVELO.RO  RO  BUCURESTI,10,Others,Hague,52.08012,4.30141
Esme-Rose Parker,5/18/2019 20:49, WWW.IVELO.RO  RO  BUCURESTI,10,Others,Bruges,51.20963,3.22593
Wasim Giles,1/15/2020 12:34, WWW.IVELO.RO  RO  BUCURESTI,10,Others,Bucharest,44.42859,26.10324
Esme-Rose Parker,1/13/2020 18:00, WWW.IVELO.RO  RO  BUCURESTI,10,Others,Antwerp,51.22163,4.40806
Johnny Burris,3/17/2020 16:44, WWW.IVELO.RO  RO  BUCURESTI,10,Others,Sofia,42.69774,23.32279
Simra Hilton,10/03/2020 6:51, WWW.IVELO.RO  RO  BUCURESTI,10,Others,Sofia,42.70057,23.32409
Kishan Christie,7/06/2019 13:23, WWW.IVELO.RO  RO  BUCURESTI,10,Others,Bucharest,44.43351,26.10717
Sahara Bains,3/06/2020 21:07, WWW.IVELO.RO  RO  BUCURESTI,10,Others,Bruges,51.2142,3.2261
Simra Hilton,10/04/2020 19:20, WWW.IVELO.RO  RO  BUCURESTI,10,Others,Antwerp,51.22165,4.40463
Esme-Rose Parker,3/08/2020 18:17, WWW.IVELO.RO  RO  BUCURESTI,10,Others,Thassos,40.68962,24.65527
Simra Hilton,12/20/2019 19:32, WWW.IVELO.RO  RO  BUCURESTI,10,Others,Amsterdam,52.37113,4.91193
Simra Hilton,10/06/2020 8:19, WWW.IVELO.RO  RO  BUCURESTI,10,Others,Sofia,42.7021,23.32439
Vitsy,11/03/2020 0:00, TABACIOC LIPSCANI  RO  BUCURESTI,58.1,Food&Beverages,Bucharest,44.43682,26.10036
Johnny Burris,6/19/2020 18:00, TABACIOC LIPSCANI  RO  BUCURESTI,58.1,Food&Beverages,Bucharest,44.43658,26.10864
Shelly Hartman,4/26/2020 10:26, TABACIOC LIPSCANI  RO  BUCURESTI,58.1,Food&Beverages,Rotterdam,51.92879,4.48479
Johnny Burris,11/12/2020 18:08, TABACIOC LIPSCANI  RO  BUCURESTI,58.1,Food&Beverages,Rotterdam,51.93204,4.48412
Simra Hilton,2/05/2020 15:14, TABACIOC LIPSCANI  RO  BUCURESTI,58.1,Food&Beverages,Bucharest,44.42949,26.10986
Simra Hilton,1/13/2019 12:24, TABACIOC LIPSCANI  RO  BUCURESTI,58.1,Food&Beverages,Bucharest,44.43373,26.10776
Sierra Brewer,10/22/2020 4:36, TABACIOC LIPSCANI  RO  BUCURESTI,58.1,Food&Beverages,Amsterdam,52.36926,4.9086
Esme-Rose Parker,3/22/2019 3:43, TABACIOC LIPSCANI  RO  BUCURESTI,58.1,Food&Beverages,Thassos,40.68754,24.64884
Shelly Hartman,5/07/2019 0:08, TABACIOC LIPSCANI  RO  BUCURESTI,58.1,Food&Beverages,Rotterdam,51.92707,4.48512
Hunter Lott,8/24/2020 8:54, TABACIOC LIPSCANI  RO  BUCURESTI,58.1,Food&Beverages,Thessaloniki,40.64445,22.95294
Farrah Carlson,5/24/2020 11:50, TABACIOC LIPSCANI  RO  BUCURESTI,58.1,Food&Beverages,Amsterdam,52.37185,4.90801
Sierra Brewer,10/21/2020 0:01, TABACIOC LIPSCANI  RO  BUCURESTI,58.1,Food&Beverages,Thessaloniki,40.64321,22.94455
Shelly Hartman,9/18/2020 9:08, TABACIOC LIPSCANI  RO  BUCURESTI,58.1,Food&Beverages,Thassos,40.68908,24.65713
Shelly Hartman,6/09/2020 3:34, TABACIOC LIPSCANI  RO  BUCURESTI,58.1,Food&Beverages,Thassos,40.68459,24.65135
Wasim Giles,9/11/2020 22:24, TABACIOC LIPSCANI  RO  BUCURESTI,58.1,Food&Beverages,Bucharest,44.42775,26.10285
Sahara Bains,9/11/2019 1:03, TABACIOC LIPSCANI  RO  BUCURESTI,58.1,Food&Beverages,Brussels,50.85091,4.35471
Hunter Lott,5/10/2020 7:28, TABACIOC LIPSCANI  RO  BUCURESTI,58.1,Food&Beverages,Amsterdam,52.37072,4.90679
Simra Hilton,8/04/2020 4:34, TABACIOC LIPSCANI  RO  BUCURESTI,58.1,Food&Beverages,Bucharest,44.43057,26.10421
Kishan Christie,6/13/2019 2:26, TABACIOC LIPSCANI  RO  BUCURESTI,58.1,Food&Beverages,Hague,52.07562,4.30151
Sahara Bains,1/21/2020 20:32, TABACIOC LIPSCANI  RO  BUCURESTI,58.1,Food&Beverages,Thessaloniki,40.64042,22.9468
Johnny Burris,10/12/2020 2:18, TABACIOC LIPSCANI  RO  BUCURESTI,58.1,Food&Beverages,Amsterdam,52.36936,4.90609
Vitsy,11/03/2020 0:00, CARREFOUR ROMANIA SA  RO  BUCURESTI S3,44.7,Food&Beverages,Bucharest,44.43823,26.10858
Farrah Carlson,9/06/2020 12:24, CARREFOUR ROMANIA SA  RO  BUCURESTI S3,44.7,Food&Beverages,Rotterdam,51.93128,4.47902
Sahara Bains,9/14/2019 20:47, CARREFOUR ROMANIA SA  RO  BUCURESTI S3,44.7,Food&Beverages,Amsterdam,52.36949,4.90494
Esme-Rose Parker,3/13/2019 4:46, CARREFOUR ROMANIA SA  RO  BUCURESTI S3,44.7,Food&Beverages,Thessaloniki,40.64494,22.94958
Sahara Bains,5/08/2020 7:55, CARREFOUR ROMANIA SA  RO  BUCURESTI S3,44.7,Food&Beverages,Antwerp,51.21942,4.40891
Sierra Brewer,8/20/2020 2:11, CARREFOUR ROMANIA SA  RO  BUCURESTI S3,44.7,Food&Beverages,Bruges,51.2124,3.23118
Esme-Rose Parker,1/04/2020 13:53, CARREFOUR ROMANIA SA  RO  BUCURESTI S3,44.7,Food&Beverages,Amsterdam,52.36788,4.90927
Kishan Christie,5/31/2019 23:02, CARREFOUR ROMANIA SA  RO  BUCURESTI S3,44.7,Food&Beverages,Brussels,50.85701,4.35777
Simra Hilton,10/25/2020 21:29, CARREFOUR ROMANIA SA  RO  BUCURESTI S3,44.7,Food&Beverages,Brussels,50.85227,4.358
Wasim Giles,2/20/2019 5:05, CARREFOUR ROMANIA SA  RO  BUCURESTI S3,44.7,Food&Beverages,Amsterdam,52.36809,4.90428
Kishan Christie,5/23/2020 13:37, CARREFOUR ROMANIA SA  RO  BUCURESTI S3,44.7,Food&Beverages,Bruges,51.21214,3.22955
Simra Hilton,12/02/2019 16:19, CARREFOUR ROMANIA SA  RO  BUCURESTI S3,44.7,Food&Beverages,Brussels,50.8576,4.35301
Johnny Burris,1/25/2019 11:15, CARREFOUR ROMANIA SA  RO  BUCURESTI S3,44.7,Food&Beverages,Sofia,42.70102,23.32845
Sierra Brewer,3/20/2019 6:01, CARREFOUR ROMANIA SA  RO  BUCURESTI S3,44.7,Food&Beverages,Bruges,51.21683,3.22503
Hunter Lott,4/11/2019 6:37, CARREFOUR ROMANIA SA  RO  BUCURESTI S3,44.7,Food&Beverages,Brussels,50.85069,4.35387
Johnny Burris,3/14/2020 5:21, CARREFOUR ROMANIA SA  RO  BUCURESTI S3,44.7,Food&Beverages,Brussels,50.85404,4.35861
Shelly Hartman,4/21/2020 12:27, CARREFOUR ROMANIA SA  RO  BUCURESTI S3,44.7,Food&Beverages,Rotterdam,51.9262,4.48234
Sahara Bains,10/16/2020 8:27, CARREFOUR ROMANIA SA  RO  BUCURESTI S3,44.7,Food&Beverages,Brussels,50.85127,4.35347
Farrah Carlson,8/02/2020 4:33, CARREFOUR ROMANIA SA  RO  BUCURESTI S3,44.7,Food&Beverages,Brussels,50.85598,4.35376
Farrah Carlson,1/08/2020 21:16, CARREFOUR ROMANIA SA  RO  BUCURESTI S3,44.7,Food&Beverages,Bucharest,44.43485,26.11156
Kishan Christie,8/09/2020 14:16, CARREFOUR ROMANIA SA  RO  BUCURESTI S3,44.7,Food&Beverages,Amsterdam,52.36906,4.9086
Vitsy,11/03/2020 0:00, CARREFOUR ROMANIA SA  RO  BUCURESTI S3,105.03,Food&Beverages,Bucharest,44.4347,26.1059
Shelly Hartman,6/04/2019 14:25, CARREFOUR ROMANIA SA  RO  BUCURESTI S3,105.03,Food&Beverages,Amsterdam,52.37405,4.91014
Kishan Christie,6/22/2019 0:33, CARREFOUR ROMANIA SA  RO  BUCURESTI S3,105.03,Food&Beverages,Thessaloniki,40.64538,22.94873
Wasim Giles,12/25/2019 23:34, CARREFOUR ROMANIA SA  RO  BUCURESTI S3,105.03,Food&Beverages,Thessaloniki,40.6493,22.94651
Esme-Rose Parker,2/04/2019 4:28, CARREFOUR ROMANIA SA  RO  BUCURESTI S3,105.03,Food&Beverages,Antwerp,51.22346,4.40357
Wasim Giles,3/05/2019 15:39, CARREFOUR ROMANIA SA  RO  BUCURESTI S3,105.03,Food&Beverages,Hague,52.07629,4.30722
Johnny Burris,8/23/2020 15:49, CARREFOUR ROMANIA SA  RO  BUCURESTI S3,105.03,Food&Beverages,Bucharest,44.42866,26.10273
Sahara Bains,1/05/2020 22:02, CARREFOUR ROMANIA SA  RO  BUCURESTI S3,105.03,Food&Beverages,Thassos,40.68591,24.65393
Esme-Rose Parker,11/23/2019 4:45, CARREFOUR ROMANIA SA  RO  BUCURESTI S3,105.03,Food&Beverages,Brussels,50.85054,4.3564
Kishan Christie,3/26/2019 20:47, CARREFOUR ROMANIA SA  RO  BUCURESTI S3,105.03,Food&Beverages,Thassos,40.68648,24.65489
Sierra Brewer,4/22/2020 1:46, CARREFOUR ROMANIA SA  RO  BUCURESTI S3,105.03,Food&Beverages,Sofia,42.70377,23.32325
Esme-Rose Parker,8/09/2020 7:46, CARREFOUR ROMANIA SA  RO  BUCURESTI S3,105.03,Food&Beverages,Brussels,50.85629,4.36157
Hunter Lott,5/13/2020 6:17, CARREFOUR ROMANIA SA  RO  BUCURESTI S3,105.03,Food&Beverages,Bucharest,44.43224,26.10441
Johnny Burris,7/12/2019 20:04, CARREFOUR ROMANIA SA  RO  BUCURESTI S3,105.03,Food&Beverages,Thassos,40.68676,24.65127
Hunter Lott,4/29/2019 16:10, CARREFOUR ROMANIA SA  RO  BUCURESTI S3,105.03,Food&Beverages,Antwerp,51.22875,4.40778
Kishan Christie,3/26/2020 12:32, CARREFOUR ROMANIA SA  RO  BUCURESTI S3,105.03,Food&Beverages,Bucharest,44.42738,26.1029
Sahara Bains,6/19/2020 7:29, CARREFOUR ROMANIA SA  RO  BUCURESTI S3,105.03,Food&Beverages,Brussels,50.8531,4.3591
Farrah Carlson,1/24/2020 22:46, CARREFOUR ROMANIA SA  RO  BUCURESTI S3,105.03,Food&Beverages,Bruges,51.21574,3.22852
Simra Hilton,6/30/2020 11:26, CARREFOUR ROMANIA SA  RO  BUCURESTI S3,105.03,Food&Beverages,Sofia,42.69922,23.32779
Sahara Bains,4/15/2020 1:00, CARREFOUR ROMANIA SA  RO  BUCURESTI S3,105.03,Food&Beverages,Bucharest,44.43422,26.10294
Sahara Bains,12/16/2019 10:49, CARREFOUR ROMANIA SA  RO  BUCURESTI S3,105.03,Food&Beverages,Brussels,50.85205,4.35425
Vitsy,11/01/2020 0:00, Glovo GLOVO BUAZFTL1V  RO  BUCURESTI,40.48,Food&Beverages,Bucharest,44.43707,26.10682
Sahara Bains,5/14/2020 20:43, Glovo GLOVO BUAZFTL1V  RO  BUCURESTI,40.48,Food&Beverages,Sofia,42.70267,23.32378
Esme-Rose Parker,4/16/2020 19:14, Glovo GLOVO BUAZFTL1V  RO  BUCURESTI,40.48,Food&Beverages,Antwerp,51.22282,4.4056
Wasim Giles,4/15/2020 21:26, Glovo GLOVO BUAZFTL1V  RO  BUCURESTI,40.48,Food&Beverages,Bruges,51.21674,3.2313
Esme-Rose Parker,8/30/2020 7:30, Glovo GLOVO BUAZFTL1V  RO  BUCURESTI,40.48,Food&Beverages,Rotterdam,51.92478,4.48474
Wasim Giles,6/04/2020 18:15, Glovo GLOVO BUAZFTL1V  RO  BUCURESTI,40.48,Food&Beverages,Sofia,42.7017,23.32571
Wasim Giles,1/24/2020 4:00, Glovo GLOVO BUAZFTL1V  RO  BUCURESTI,40.48,Food&Beverages,Antwerp,51.2265,4.40494
Simra Hilton,9/23/2020 17:28, Glovo GLOVO BUAZFTL1V  RO  BUCURESTI,40.48,Food&Beverages,Bucharest,44.43449,26.10295
Hunter Lott,5/02/2020 14:45, Glovo GLOVO BUAZFTL1V  RO  BUCURESTI,40.48,Food&Beverages,Thessaloniki,40.64202,22.95053
Sahara Bains,9/25/2020 15:28, Glovo GLOVO BUAZFTL1V  RO  BUCURESTI,40.48,Food&Beverages,Brussels,50.85166,4.35542
Shelly Hartman,5/18/2020 22:37, Glovo GLOVO BUAZFTL1V  RO  BUCURESTI,40.48,Food&Beverages,Brussels,50.857,4.35379
Sierra Brewer,4/12/2020 22:28, Glovo GLOVO BUAZFTL1V  RO  BUCURESTI,40.48,Food&Beverages,Rotterdam,51.9254,4.48146
Hunter Lott,10/22/2020 14:30, Glovo GLOVO BUAZFTL1V  RO  BUCURESTI,40.48,Food&Beverages,Thassos,40.68484,24.65747
Shelly Hartman,8/16/2020 15:04, Glovo GLOVO BUAZFTL1V  RO  BUCURESTI,40.48,Food&Beverages,Rotterdam,51.93058,4.48407
Wasim Giles,2/07/2020 21:23, Glovo GLOVO BUAZFTL1V  RO  BUCURESTI,40.48,Food&Beverages,Rotterdam,51.92548,4.48121
Wasim Giles,10/14/2020 12:48, Glovo GLOVO BUAZFTL1V  RO  BUCURESTI,40.48,Food&Beverages,Brussels,50.85086,4.35985
Kishan Christie,11/11/2020 18:00, Glovo GLOVO BUAZFTL1V  RO  BUCURESTI,40.48,Food&Beverages,Thassos,40.69021,24.64906
Wasim Giles,7/10/2020 22:40, Glovo GLOVO BUAZFTL1V  RO  BUCURESTI,40.48,Food&Beverages,Hague,52.07097,4.30808
Hunter Lott,1/13/2020 4:18, Glovo GLOVO BUAZFTL1V  RO  BUCURESTI,40.48,Food&Beverages,Rotterdam,51.92602,4.48669
Sahara Bains,6/10/2020 4:38, Glovo GLOVO BUAZFTL1V  RO  BUCURESTI,40.48,Food&Beverages,Sofia,42.69832,23.3233
Hunter Lott,10/30/2019 1:21, Glovo GLOVO BUAZFTL1V  RO  BUCURESTI,40.48,Food&Beverages,Rotterdam,51.92745,4.48576
Vitsy,11/01/2020 0:00, Glovo GLOVO BUVEABUDS  RO  BUCURESTI,54.94,Food&Beverages,Bucharest,44.44313,26.10615
Shelly Hartman,10/16/2019 7:55, Glovo GLOVO BUVEABUDS  RO  BUCURESTI,54.94,Food&Beverages,Thassos,40.68533,24.65592
Johnny Burris,2/19/2020 17:27, Glovo GLOVO BUVEABUDS  RO  BUCURESTI,54.94,Food&Beverages,Amsterdam,52.37294,4.91009
Kishan Christie,6/01/2020 14:04, Glovo GLOVO BUVEABUDS  RO  BUCURESTI,54.94,Food&Beverages,Hague,52.0765,4.30359
Sahara Bains,10/13/2020 23:34, Glovo GLOVO BUVEABUDS  RO  BUCURESTI,54.94,Food&Beverages,Bucharest,44.42759,26.10704
Esme-Rose Parker,4/28/2019 16:10, Glovo GLOVO BUVEABUDS  RO  BUCURESTI,54.94,Food&Beverages,Antwerp,51.22095,4.40569
Esme-Rose Parker,11/05/2020 13:11, Glovo GLOVO BUVEABUDS  RO  BUCURESTI,54.94,Food&Beverages,Brussels,50.85051,4.35346
Wasim Giles,11/18/2020 14:18, Glovo GLOVO BUVEABUDS  RO  BUCURESTI,54.94,Food&Beverages,Amsterdam,52.37135,4.91334
Johnny Burris,8/19/2020 5:10, Glovo GLOVO BUVEABUDS  RO  BUCURESTI,54.94,Food&Beverages,Bruges,51.21517,3.23072
Wasim Giles,3/11/2020 7:51, Glovo GLOVO BUVEABUDS  RO  BUCURESTI,54.94,Food&Beverages,Sofia,42.69884,23.32885
Wasim Giles,2/28/2019 16:20, Glovo GLOVO BUVEABUDS  RO  BUCURESTI,54.94,Food&Beverages,Sofia,42.69986,23.32294
Johnny Burris,10/03/2020 23:50, Glovo GLOVO BUVEABUDS  RO  BUCURESTI,54.94,Food&Beverages,Bucharest,44.43153,26.11047
Esme-Rose Parker,1/18/2019 2:22, Glovo GLOVO BUVEABUDS  RO  BUCURESTI,54.94,Food&Beverages,Amsterdam,52.36892,4.90555